
MPP module $Id: mpp.F90,v 5.6 2000/03/01 15:57:19 vb Exp $
 NPES= 1

MPP_DOMAINS module $Id: mpp_domains.F90,v 5.2 1999/12/22 15:42:29 vb Exp $
 MPP_DOMAINS: size of buffer arrays for halo regions= 32768

MPP_IO module $Id: mpp_io.F90,v 5.3 1999/12/03 16:59:31 vb Exp $


 Construct the MOM grid



The following grid options have been selected:

-Dread_my_grid


 =>Reading the grid definition from file "grid.dta" 
   (this assumes it was created elsewhere and is available)


Vertical resolution of cells "dzw(k)" k=0, 100 in units of cm as follows:
    2500.00   5000.00   5000.00   5000.00   5000.00   5000.00   5000.00   5000.00   5000.00   5000.00
    5000.00   5000.00   5000.00   5000.00   5000.00   5000.00   5000.00   5000.00   5000.00   5000.00
    5000.00   5000.00   5000.00   5000.00   5000.00   5000.00   5000.00   5000.00   5000.00   5000.00
    5000.00   5000.00   5000.00   5000.00   5000.00   5000.00   5000.00   5000.00   5000.00   5000.00
    5000.00   5000.00   5000.00   5000.00   5000.00   5000.00   5000.00   5000.00   5000.00   5000.00
    5000.00   5000.00   5000.00   5000.00   5000.00   5000.00   5000.00   5000.00   5000.00   5000.00
    5000.00   5000.00   5000.00   5000.00   5000.00   5000.00   5000.00   5000.00   5000.00   5000.00
    5000.00   5000.00   5000.00   5000.00   5000.00   5000.00   5000.00   5000.00   5000.00   5000.00
    5000.00   5000.00   5000.00   5000.00   5000.00   5000.00   5000.00   5000.00   5000.00   5000.00
    5000.00   5000.00   5000.00   5000.00   5000.00   5000.00   5000.00   5000.00   5000.00   5000.00
    2500.00

Vertical resolution of cells "dzt(k)" k=1, 100 in units of cm as follows:
    5000.00   5000.00   5000.00   5000.00   5000.00   5000.00   5000.00   5000.00   5000.00   5000.00
    5000.00   5000.00   5000.00   5000.00   5000.00   5000.00   5000.00   5000.00   5000.00   5000.00
    5000.00   5000.00   5000.00   5000.00   5000.00   5000.00   5000.00   5000.00   5000.00   5000.00
    5000.00   5000.00   5000.00   5000.00   5000.00   5000.00   5000.00   5000.00   5000.00   5000.00
    5000.00   5000.00   5000.00   5000.00   5000.00   5000.00   5000.00   5000.00   5000.00   5000.00
    5000.00   5000.00   5000.00   5000.00   5000.00   5000.00   5000.00   5000.00   5000.00   5000.00
    5000.00   5000.00   5000.00   5000.00   5000.00   5000.00   5000.00   5000.00   5000.00   5000.00
    5000.00   5000.00   5000.00   5000.00   5000.00   5000.00   5000.00   5000.00   5000.00   5000.00
    5000.00   5000.00   5000.00   5000.00   5000.00   5000.00   5000.00   5000.00   5000.00   5000.00
    5000.00   5000.00   5000.00   5000.00   5000.00   5000.00   5000.00   5000.00   5000.00   5000.00

Longitudinal resolution of cells "dxtdeg(i)" i=1, 622 in units of deg as follows:
     0.1000    0.1000    0.1000    0.1000    0.1000    0.1000    0.1000    0.1000    0.1000    0.1000
     0.1000    0.1000    0.1000    0.1000    0.1000    0.1000    0.1000    0.1000    0.1000    0.1000
     0.1000    0.1000    0.1000    0.1000    0.1000    0.1000    0.1000    0.1000    0.1000    0.1000
     0.1000    0.1000    0.1000    0.1000    0.1000    0.1000    0.1000    0.1000    0.1000    0.1000
     0.1000    0.1000    0.1000    0.1000    0.1000    0.1000    0.1000    0.1000    0.1000    0.1000
     0.1000    0.1000    0.1000    0.1000    0.1000    0.1000    0.1000    0.1000    0.1000    0.1000
     0.1000    0.1000    0.1000    0.1000    0.1000    0.1000    0.1000    0.1000    0.1000    0.1000
     0.1000    0.1000    0.1000    0.1000    0.1000    0.1000    0.1000    0.1000    0.1000    0.1000
     0.1000    0.1000    0.1000    0.1000    0.1000    0.1000    0.1000    0.1000    0.1000    0.1000
     0.1000    0.1000    0.1000    0.1000    0.1000    0.1000    0.1000    0.1000    0.1000    0.1000
     0.1000    0.1000    0.1000    0.1000    0.1000    0.1000    0.1000    0.1000    0.1000    0.1000
     0.1000    0.1000    0.1000    0.1000    0.1000    0.1000    0.1000    0.1000    0.1000    0.1000
     0.1000    0.1000    0.1000    0.1000    0.1000    0.1000    0.1000    0.1000    0.1000    0.1000
     0.1000    0.1000    0.1000    0.1000    0.1000    0.1000    0.1000    0.1000    0.1000    0.1000
     0.1000    0.1000    0.1000    0.1000    0.1000    0.1000    0.1000    0.1000    0.1000    0.1000
     0.1000    0.1000    0.1000    0.1000    0.1000    0.1000    0.1000    0.1000    0.1000    0.1000
     0.1000    0.1000    0.1000    0.1000    0.1000    0.1000    0.1000    0.1000    0.1000    0.1000
     0.1000    0.1000    0.1000    0.1000    0.1000    0.1000    0.1000    0.1000    0.1000    0.1000
     0.1000    0.1000    0.1000    0.1000    0.1000    0.1000    0.1000    0.1000    0.1000    0.1000
     0.1000    0.1000    0.1000    0.1000    0.1000    0.1000    0.1000    0.1000    0.1000    0.1000
     0.1000    0.1000    0.1000    0.1000    0.1000    0.1000    0.1000    0.1000    0.1000    0.1000
     0.1000    0.1000    0.1000    0.1000    0.1000    0.1000    0.1000    0.1000    0.1000    0.1000
     0.1000    0.1000    0.1000    0.1000    0.1000    0.1000    0.1000    0.1000    0.1000    0.1000
     0.1000    0.1000    0.1000    0.1000    0.1000    0.1000    0.1000    0.1000    0.1000    0.1000
     0.1000    0.1000    0.1000    0.1000    0.1000    0.1000    0.1000    0.1000    0.1000    0.1000
     0.1000    0.1000    0.1000    0.1000    0.1000    0.1000    0.1000    0.1000    0.1000    0.1000
     0.1000    0.1000    0.1000    0.1000    0.1000    0.1000    0.1000    0.1000    0.1000    0.1000
     0.1000    0.1000    0.1000    0.1000    0.1000    0.1000    0.1000    0.1000    0.1000    0.1000
     0.1000    0.1000    0.1000    0.1000    0.1000    0.1000    0.1000    0.1000    0.1000    0.1000
     0.1000    0.1000    0.1000    0.1000    0.1000    0.1000    0.1000    0.1000    0.1000    0.1000
     0.1000    0.1000    0.1000    0.1000    0.1000    0.1000    0.1000    0.1000    0.1000    0.1000
     0.1000    0.1000    0.1000    0.1000    0.1000    0.1000    0.1000    0.1000    0.1000    0.1000
     0.1000    0.1000    0.1000    0.1000    0.1000    0.1000    0.1000    0.1000    0.1000    0.1000
     0.1000    0.1000    0.1000    0.1000    0.1000    0.1000    0.1000    0.1000    0.1000    0.1000
     0.1000    0.1000    0.1000    0.1000    0.1000    0.1000    0.1000    0.1000    0.1000    0.1000
     0.1000    0.1000    0.1000    0.1000    0.1000    0.1000    0.1000    0.1000    0.1000    0.1000
     0.1000    0.1000    0.1000    0.1000    0.1000    0.1000    0.1000    0.1000    0.1000    0.1000
     0.1000    0.1000    0.1000    0.1000    0.1000    0.1000    0.1000    0.1000    0.1000    0.1000
     0.1000    0.1000    0.1000    0.1000    0.1000    0.1000    0.1000    0.1000    0.1000    0.1000
     0.1000    0.1000    0.1000    0.1000    0.1000    0.1000    0.1000    0.1000    0.1000    0.1000
     0.1000    0.1000    0.1000    0.1000    0.1000    0.1000    0.1000    0.1000    0.1000    0.1000
     0.1000    0.1000    0.1000    0.1000    0.1000    0.1000    0.1000    0.1000    0.1000    0.1000
     0.1000    0.1000    0.1000    0.1000    0.1000    0.1000    0.1000    0.1000    0.1000    0.1000
     0.1000    0.1000    0.1000    0.1000    0.1000    0.1000    0.1000    0.1000    0.1000    0.1000
     0.1000    0.1000    0.1000    0.1000    0.1000    0.1000    0.1000    0.1000    0.1000    0.1000
     0.1000    0.1000    0.1000    0.1000    0.1000    0.1000    0.1000    0.1000    0.1000    0.1000
     0.1000    0.1000    0.1000    0.1000    0.1000    0.1000    0.1000    0.1000    0.1000    0.1000
     0.1000    0.1000    0.1000    0.1000    0.1000    0.1000    0.1000    0.1000    0.1000    0.1000
     0.1000    0.1000    0.1000    0.1000    0.1000    0.1000    0.1000    0.1000    0.1000    0.1000
     0.1000    0.1000    0.1000    0.1000    0.1000    0.1000    0.1000    0.1000    0.1000    0.1000
     0.1000    0.1000    0.1000    0.1000    0.1000    0.1000    0.1000    0.1000    0.1000    0.1000
     0.1000    0.1000    0.1000    0.1000    0.1000    0.1000    0.1000    0.1000    0.1000    0.1000
     0.1000    0.1000    0.1000    0.1000    0.1000    0.1000    0.1000    0.1000    0.1000    0.1000
     0.1000    0.1000    0.1000    0.1000    0.1000    0.1000    0.1000    0.1000    0.1000    0.1000
     0.1000    0.1000    0.1000    0.1000    0.1000    0.1000    0.1000    0.1000    0.1000    0.1000
     0.1000    0.1000    0.1000    0.1000    0.1000    0.1000    0.1000    0.1000    0.1000    0.1000
     0.1000    0.1000    0.1000    0.1000    0.1000    0.1000    0.1000    0.1000    0.1000    0.1000
     0.1000    0.1000    0.1000    0.1000    0.1000    0.1000    0.1000    0.1000    0.1000    0.1000
     0.1000    0.1000    0.1000    0.1000    0.1000    0.1000    0.1000    0.1000    0.1000    0.1000
     0.1000    0.1000    0.1000    0.1000    0.1000    0.1000    0.1000    0.1000    0.1000    0.1000
     0.1000    0.1000    0.1000    0.1000    0.1000    0.1000    0.1000    0.1000    0.1000    0.1000
     0.1000    0.1000    0.1000    0.1000    0.1000    0.1000    0.1000    0.1000    0.1000    0.1000
     0.1000    0.1000

Latitudinal resolution of cells "dytdeg(jrow)" jrow=1, 402 in units of deg as follows:
     0.1000    0.1000    0.1000    0.1000    0.1000    0.1000    0.1000    0.1000    0.1000    0.1000
     0.1000    0.1000    0.1000    0.1000    0.1000    0.1000    0.1000    0.1000    0.1000    0.1000
     0.1000    0.1000    0.1000    0.1000    0.1000    0.1000    0.1000    0.1000    0.1000    0.1000
     0.1000    0.1000    0.1000    0.1000    0.1000    0.1000    0.1000    0.1000    0.1000    0.1000
     0.1000    0.1000    0.1000    0.1000    0.1000    0.1000    0.1000    0.1000    0.1000    0.1000
     0.1000    0.1000    0.1000    0.1000    0.1000    0.1000    0.1000    0.1000    0.1000    0.1000
     0.1000    0.1000    0.1000    0.1000    0.1000    0.1000    0.1000    0.1000    0.1000    0.1000
     0.1000    0.1000    0.1000    0.1000    0.1000    0.1000    0.1000    0.1000    0.1000    0.1000
     0.1000    0.1000    0.1000    0.1000    0.1000    0.1000    0.1000    0.1000    0.1000    0.1000
     0.1000    0.1000    0.1000    0.1000    0.1000    0.1000    0.1000    0.1000    0.1000    0.1000
     0.1000    0.1000    0.1000    0.1000    0.1000    0.1000    0.1000    0.1000    0.1000    0.1000
     0.1000    0.1000    0.1000    0.1000    0.1000    0.1000    0.1000    0.1000    0.1000    0.1000
     0.1000    0.1000    0.1000    0.1000    0.1000    0.1000    0.1000    0.1000    0.1000    0.1000
     0.1000    0.1000    0.1000    0.1000    0.1000    0.1000    0.1000    0.1000    0.1000    0.1000
     0.1000    0.1000    0.1000    0.1000    0.1000    0.1000    0.1000    0.1000    0.1000    0.1000
     0.1000    0.1000    0.1000    0.1000    0.1000    0.1000    0.1000    0.1000    0.1000    0.1000
     0.1000    0.1000    0.1000    0.1000    0.1000    0.1000    0.1000    0.1000    0.1000    0.1000
     0.1000    0.1000    0.1000    0.1000    0.1000    0.1000    0.1000    0.1000    0.1000    0.1000
     0.1000    0.1000    0.1000    0.1000    0.1000    0.1000    0.1000    0.1000    0.1000    0.1000
     0.1000    0.1000    0.1000    0.1000    0.1000    0.1000    0.1000    0.1000    0.1000    0.1000
     0.1000    0.1000    0.1000    0.1000    0.1000    0.1000    0.1000    0.1000    0.1000    0.1000
     0.1000    0.1000    0.1000    0.1000    0.1000    0.1000    0.1000    0.1000    0.1000    0.1000
     0.1000    0.1000    0.1000    0.1000    0.1000    0.1000    0.1000    0.1000    0.1000    0.1000
     0.1000    0.1000    0.1000    0.1000    0.1000    0.1000    0.1000    0.1000    0.1000    0.1000
     0.1000    0.1000    0.1000    0.1000    0.1000    0.1000    0.1000    0.1000    0.1000    0.1000
     0.1000    0.1000    0.1000    0.1000    0.1000    0.1000    0.1000    0.1000    0.1000    0.1000
     0.1000    0.1000    0.1000    0.1000    0.1000    0.1000    0.1000    0.1000    0.1000    0.1000
     0.1000    0.1000    0.1000    0.1000    0.1000    0.1000    0.1000    0.1000    0.1000    0.1000
     0.1000    0.1000    0.1000    0.1000    0.1000    0.1000    0.1000    0.1000    0.1000    0.1000
     0.1000    0.1000    0.1000    0.1000    0.1000    0.1000    0.1000    0.1000    0.1000    0.1000
     0.1000    0.1000    0.1000    0.1000    0.1000    0.1000    0.1000    0.1000    0.1000    0.1000
     0.1000    0.1000    0.1000    0.1000    0.1000    0.1000    0.1000    0.1000    0.1000    0.1000
     0.1000    0.1000    0.1000    0.1000    0.1000    0.1000    0.1000    0.1000    0.1000    0.1000
     0.1000    0.1000    0.1000    0.1000    0.1000    0.1000    0.1000    0.1000    0.1000    0.1000
     0.1000    0.1000    0.1000    0.1000    0.1000    0.1000    0.1000    0.1000    0.1000    0.1000
     0.1000    0.1000    0.1000    0.1000    0.1000    0.1000    0.1000    0.1000    0.1000    0.1000
     0.1000    0.1000    0.1000    0.1000    0.1000    0.1000    0.1000    0.1000    0.1000    0.1000
     0.1000    0.1000    0.1000    0.1000    0.1000    0.1000    0.1000    0.1000    0.1000    0.1000
     0.1000    0.1000    0.1000    0.1000    0.1000    0.1000    0.1000    0.1000    0.1000    0.1000
     0.1000    0.1000    0.1000    0.1000    0.1000    0.1000    0.1000    0.1000    0.1000    0.1000
     0.1000    0.1000




                                         Grid Point Coordinate details: 

 The western edge of the T-cell at i=2 is at:  0.000000     (deg) longitude
 (the 1st T-cell is a boundary cell)
 The southern edge of the T-cell at jrow=2 is at: -20.00000     (deg) latitude
 (the 1st T-cell is a boundary cell)
 The top edge of the T-cell at k=1 is at z =  0.000000     (cm)

 The eastern edge of the T-cell at i= 621 is at:  62.00000     (deg) longitude
 (the last T-cell (imt= 622) is a boundary cell)
 The northern edge of the T-cell at jrow= 401 is at:  20.00000     (deg) latitude
 (the last T-cell (jmt= 402) is a boundary cell)
 The bottom edge of T-cell at k= 100 is at z =  500000.0     (cm)


 The western edge of the U-cell at i=2 is at:-0.5000000E-01 (deg) longitude
 (the 1st U-cell is a boundary point)
 The southern edge of the U cell at jrow=1 is at: -20.05000     (deg) latitude
 (the 1st U cell is a boundary point)
 The top edge of the W-cell at k=1 is at z =  2500.000     (cm)

 The eastern edge of the U-cell at i= 621 is at:  62.05000     (deg) longitude
 (the last U-cell (imt= 622) is a boundary cell)
 The northern edge of the U-cell at jrow= 401 is at:  20.05000     (deg) latitude
 (the last U-cell (jmt= 402) is a boundary cell)
 The bottom edge of W-cell at k= 100 is at z =  500000.0     (cm)


 Depth to T & U grid points (cm): zt(k) k=1,100
    2500.00   7500.00  12500.00  17500.00  22500.00  27500.00  32500.00  37500.00  42500.00  47500.00
   52500.00  57500.00  62500.00  67500.00  72500.00  77500.00  82500.00  87500.00  92500.00  97500.00
  102500.00 107500.00 112500.00 117500.00 122500.00 127500.00 132500.00 137500.00 142500.00 147500.00
  152500.00 157500.00 162500.00 167500.00 172500.00 177500.00 182500.00 187500.00 192500.00 197500.00
  202500.00 207500.00 212500.00 217500.00 222500.00 227500.00 232500.00 237500.00 242500.00 247500.00
  252500.00 257500.00 262500.00 267500.00 272500.00 277500.00 282500.00 287500.00 292500.00 297500.00
  302500.00 307500.00 312500.00 317500.00 322500.00 327500.00 332500.00 337500.00 342500.00 347500.00
  352500.00 357500.00 362500.00 367500.00 372500.00 377500.00 382500.00 387500.00 392500.00 397500.00
  402500.00 407500.00 412500.00 417500.00 422500.00 427500.00 432500.00 437500.00 442500.00 447500.00
  452500.00 457500.00 462500.00 467500.00 472500.00 477500.00 482500.00 487500.00 492500.00 497500.00

 Depth to W grid points (cm): zw(k) k=1,100
    5000.00  10000.00  15000.00  20000.00  25000.00  30000.00  35000.00  40000.00  45000.00  50000.00
   55000.00  60000.00  65000.00  70000.00  75000.00  80000.00  85000.00  90000.00  95000.00 100000.00
  105000.00 110000.00 115000.00 120000.00 125000.00 130000.00 135000.00 140000.00 145000.00 150000.00
  155000.00 160000.00 165000.00 170000.00 175000.00 180000.00 185000.00 190000.00 195000.00 200000.00
  205000.00 210000.00 215000.00 220000.00 225000.00 230000.00 235000.00 240000.00 245000.00 250000.00
  255000.00 260000.00 265000.00 270000.00 275000.00 280000.00 285000.00 290000.00 295000.00 300000.00
  305000.00 310000.00 315000.00 320000.00 325000.00 330000.00 335000.00 340000.00 345000.00 350000.00
  355000.00 360000.00 365000.00 370000.00 375000.00 380000.00 385000.00 390000.00 395000.00 400000.00
  405000.00 410000.00 415000.00 420000.00 425000.00 430000.00 435000.00 440000.00 445000.00 450000.00
  455000.00 460000.00 465000.00 470000.00 475000.00 480000.00 485000.00 490000.00 495000.00 500000.00

 Latitude of T points (deg): yt(j) j=1, 402
   -20.0500  -19.9500  -19.8500  -19.7500  -19.6500  -19.5500  -19.4500  -19.3500  -19.2500  -19.1500
   -19.0500  -18.9500  -18.8500  -18.7500  -18.6500  -18.5500  -18.4500  -18.3500  -18.2500  -18.1500
   -18.0500  -17.9500  -17.8500  -17.7500  -17.6500  -17.5500  -17.4500  -17.3500  -17.2500  -17.1500
   -17.0500  -16.9500  -16.8500  -16.7500  -16.6500  -16.5500  -16.4500  -16.3500  -16.2500  -16.1500
   -16.0500  -15.9500  -15.8500  -15.7500  -15.6500  -15.5500  -15.4500  -15.3500  -15.2500  -15.1500
   -15.0500  -14.9500  -14.8500  -14.7500  -14.6500  -14.5500  -14.4500  -14.3500  -14.2500  -14.1500
   -14.0500  -13.9500  -13.8500  -13.7500  -13.6500  -13.5500  -13.4500  -13.3500  -13.2500  -13.1500
   -13.0500  -12.9500  -12.8500  -12.7500  -12.6500  -12.5500  -12.4500  -12.3500  -12.2500  -12.1500
   -12.0500  -11.9500  -11.8500  -11.7500  -11.6500  -11.5500  -11.4500  -11.3500  -11.2500  -11.1500
   -11.0500  -10.9500  -10.8500  -10.7500  -10.6500  -10.5500  -10.4500  -10.3500  -10.2500  -10.1500
   -10.0500   -9.9500   -9.8500   -9.7500   -9.6500   -9.5500   -9.4500   -9.3500   -9.2500   -9.1500
    -9.0500   -8.9500   -8.8500   -8.7500   -8.6500   -8.5500   -8.4500   -8.3500   -8.2500   -8.1500
    -8.0500   -7.9500   -7.8500   -7.7500   -7.6500   -7.5500   -7.4500   -7.3500   -7.2500   -7.1500
    -7.0500   -6.9500   -6.8500   -6.7500   -6.6500   -6.5500   -6.4500   -6.3500   -6.2500   -6.1500
    -6.0500   -5.9500   -5.8500   -5.7500   -5.6500   -5.5500   -5.4500   -5.3500   -5.2500   -5.1500
    -5.0500   -4.9500   -4.8500   -4.7500   -4.6500   -4.5500   -4.4500   -4.3500   -4.2500   -4.1500
    -4.0500   -3.9500   -3.8500   -3.7500   -3.6500   -3.5500   -3.4500   -3.3500   -3.2500   -3.1500
    -3.0500   -2.9500   -2.8500   -2.7500   -2.6500   -2.5500   -2.4500   -2.3500   -2.2500   -2.1500
    -2.0500   -1.9500   -1.8500   -1.7500   -1.6500   -1.5500   -1.4500   -1.3500   -1.2500   -1.1500
    -1.0500   -0.9500   -0.8500   -0.7500   -0.6500   -0.5500   -0.4500   -0.3500   -0.2500   -0.1500
    -0.0500    0.0500    0.1500    0.2500    0.3500    0.4500    0.5500    0.6500    0.7500    0.8500
     0.9500    1.0500    1.1500    1.2500    1.3500    1.4500    1.5500    1.6500    1.7500    1.8500
     1.9500    2.0500    2.1500    2.2500    2.3500    2.4500    2.5500    2.6500    2.7500    2.8500
     2.9500    3.0500    3.1500    3.2500    3.3500    3.4500    3.5500    3.6500    3.7500    3.8500
     3.9500    4.0500    4.1500    4.2500    4.3500    4.4500    4.5500    4.6500    4.7500    4.8500
     4.9500    5.0500    5.1500    5.2500    5.3500    5.4500    5.5500    5.6500    5.7500    5.8500
     5.9500    6.0500    6.1500    6.2500    6.3500    6.4500    6.5500    6.6500    6.7500    6.8500
     6.9500    7.0500    7.1500    7.2500    7.3500    7.4500    7.5500    7.6500    7.7500    7.8500
     7.9500    8.0500    8.1500    8.2500    8.3500    8.4500    8.5500    8.6500    8.7500    8.8500
     8.9500    9.0500    9.1500    9.2500    9.3500    9.4500    9.5500    9.6500    9.7500    9.8500
     9.9500   10.0500   10.1500   10.2500   10.3500   10.4500   10.5500   10.6500   10.7500   10.8500
    10.9500   11.0500   11.1500   11.2500   11.3500   11.4500   11.5500   11.6500   11.7500   11.8500
    11.9500   12.0500   12.1500   12.2500   12.3500   12.4500   12.5500   12.6500   12.7500   12.8500
    12.9500   13.0500   13.1500   13.2500   13.3500   13.4500   13.5500   13.6500   13.7500   13.8500
    13.9500   14.0500   14.1500   14.2500   14.3500   14.4500   14.5500   14.6500   14.7500   14.8500
    14.9500   15.0500   15.1500   15.2500   15.3500   15.4500   15.5500   15.6500   15.7500   15.8500
    15.9500   16.0500   16.1500   16.2500   16.3500   16.4500   16.5500   16.6500   16.7500   16.8500
    16.9500   17.0500   17.1500   17.2500   17.3500   17.4500   17.5500   17.6500   17.7500   17.8500
    17.9500   18.0500   18.1500   18.2500   18.3500   18.4500   18.5500   18.6500   18.7500   18.8500
    18.9500   19.0500   19.1500   19.2500   19.3500   19.4500   19.5500   19.6500   19.7500   19.8500
    19.9500   20.0500

 Latitude of U points (deg): yu(j) j=1, 402
   -20.0000  -19.9000  -19.8000  -19.7000  -19.6000  -19.5000  -19.4000  -19.3000  -19.2000  -19.1000
   -19.0000  -18.9000  -18.8000  -18.7000  -18.6000  -18.5000  -18.4000  -18.3000  -18.2000  -18.1000
   -18.0000  -17.9000  -17.8000  -17.7000  -17.6000  -17.5000  -17.4000  -17.3000  -17.2000  -17.1000
   -17.0000  -16.9000  -16.8000  -16.7000  -16.6000  -16.5000  -16.4000  -16.3000  -16.2000  -16.1000
   -16.0000  -15.9000  -15.8000  -15.7000  -15.6000  -15.5000  -15.4000  -15.3000  -15.2000  -15.1000
   -15.0000  -14.9000  -14.8000  -14.7000  -14.6000  -14.5000  -14.4000  -14.3000  -14.2000  -14.1000
   -14.0000  -13.9000  -13.8000  -13.7000  -13.6000  -13.5000  -13.4000  -13.3000  -13.2000  -13.1000
   -13.0000  -12.9000  -12.8000  -12.7000  -12.6000  -12.5000  -12.4000  -12.3000  -12.2000  -12.1000
   -12.0000  -11.9000  -11.8000  -11.7000  -11.6000  -11.5000  -11.4000  -11.3000  -11.2000  -11.1000
   -11.0000  -10.9000  -10.8000  -10.7000  -10.6000  -10.5000  -10.4000  -10.3000  -10.2000  -10.1000
   -10.0000   -9.9000   -9.8000   -9.7000   -9.6000   -9.5000   -9.4000   -9.3000   -9.2000   -9.1000
    -9.0000   -8.9000   -8.8000   -8.7000   -8.6000   -8.5000   -8.4000   -8.3000   -8.2000   -8.1000
    -8.0000   -7.9000   -7.8000   -7.7000   -7.6000   -7.5000   -7.4000   -7.3000   -7.2000   -7.1000
    -7.0000   -6.9000   -6.8000   -6.7000   -6.6000   -6.5000   -6.4000   -6.3000   -6.2000   -6.1000
    -6.0000   -5.9000   -5.8000   -5.7000   -5.6000   -5.5000   -5.4000   -5.3000   -5.2000   -5.1000
    -5.0000   -4.9000   -4.8000   -4.7000   -4.6000   -4.5000   -4.4000   -4.3000   -4.2000   -4.1000
    -4.0000   -3.9000   -3.8000   -3.7000   -3.6000   -3.5000   -3.4000   -3.3000   -3.2000   -3.1000
    -3.0000   -2.9000   -2.8000   -2.7000   -2.6000   -2.5000   -2.4000   -2.3000   -2.2000   -2.1000
    -2.0000   -1.9000   -1.8000   -1.7000   -1.6000   -1.5000   -1.4000   -1.3000   -1.2000   -1.1000
    -1.0000   -0.9000   -0.8000   -0.7000   -0.6000   -0.5000   -0.4000   -0.3000   -0.2000   -0.1000
     0.0000    0.1000    0.2000    0.3000    0.4000    0.5000    0.6000    0.7000    0.8000    0.9000
     1.0000    1.1000    1.2000    1.3000    1.4000    1.5000    1.6000    1.7000    1.8000    1.9000
     2.0000    2.1000    2.2000    2.3000    2.4000    2.5000    2.6000    2.7000    2.8000    2.9000
     3.0000    3.1000    3.2000    3.3000    3.4000    3.5000    3.6000    3.7000    3.8000    3.9000
     4.0000    4.1000    4.2000    4.3000    4.4000    4.5000    4.6000    4.7000    4.8000    4.9000
     5.0000    5.1000    5.2000    5.3000    5.4000    5.5000    5.6000    5.7000    5.8000    5.9000
     6.0000    6.1000    6.2000    6.3000    6.4000    6.5000    6.6000    6.7000    6.8000    6.9000
     7.0000    7.1000    7.2000    7.3000    7.4000    7.5000    7.6000    7.7000    7.8000    7.9000
     8.0000    8.1000    8.2000    8.3000    8.4000    8.5000    8.6000    8.7000    8.8000    8.9000
     9.0000    9.1000    9.2000    9.3000    9.4000    9.5000    9.6000    9.7000    9.8000    9.9000
    10.0000   10.1000   10.2000   10.3000   10.4000   10.5000   10.6000   10.7000   10.8000   10.9000
    11.0000   11.1000   11.2000   11.3000   11.4000   11.5000   11.6000   11.7000   11.8000   11.9000
    12.0000   12.1000   12.2000   12.3000   12.4000   12.5000   12.6000   12.7000   12.8000   12.9000
    13.0000   13.1000   13.2000   13.3000   13.4000   13.5000   13.6000   13.7000   13.8000   13.9000
    14.0000   14.1000   14.2000   14.3000   14.4000   14.5000   14.6000   14.7000   14.8000   14.9000
    15.0000   15.1000   15.2000   15.3000   15.4000   15.5000   15.6000   15.7000   15.8000   15.9000
    16.0000   16.1000   16.2000   16.3000   16.4000   16.5000   16.6000   16.7000   16.8000   16.9000
    17.0000   17.1000   17.2000   17.3000   17.4000   17.5000   17.6000   17.7000   17.8000   17.9000
    18.0000   18.1000   18.2000   18.3000   18.4000   18.5000   18.6000   18.7000   18.8000   18.9000
    19.0000   19.1000   19.2000   19.3000   19.4000   19.5000   19.6000   19.7000   19.8000   19.9000
    20.0000   20.1000

 Longitude of T points (deg): xt(i) i=1, 622
    -0.0500    0.0500    0.1500    0.2500    0.3500    0.4500    0.5500    0.6500    0.7500    0.8500
     0.9500    1.0500    1.1500    1.2500    1.3500    1.4500    1.5500    1.6500    1.7500    1.8500
     1.9500    2.0500    2.1500    2.2500    2.3500    2.4500    2.5500    2.6500    2.7500    2.8500
     2.9500    3.0500    3.1500    3.2500    3.3500    3.4500    3.5500    3.6500    3.7500    3.8500
     3.9500    4.0500    4.1500    4.2500    4.3500    4.4500    4.5500    4.6500    4.7500    4.8500
     4.9500    5.0500    5.1500    5.2500    5.3500    5.4500    5.5500    5.6500    5.7500    5.8500
     5.9500    6.0500    6.1500    6.2500    6.3500    6.4500    6.5500    6.6500    6.7500    6.8500
     6.9500    7.0500    7.1500    7.2500    7.3500    7.4500    7.5500    7.6500    7.7500    7.8500
     7.9500    8.0500    8.1500    8.2500    8.3500    8.4500    8.5500    8.6500    8.7500    8.8500
     8.9500    9.0500    9.1500    9.2500    9.3500    9.4500    9.5500    9.6500    9.7500    9.8500
     9.9500   10.0500   10.1500   10.2500   10.3500   10.4500   10.5500   10.6500   10.7500   10.8500
    10.9500   11.0500   11.1500   11.2500   11.3500   11.4500   11.5500   11.6500   11.7500   11.8500
    11.9500   12.0500   12.1500   12.2500   12.3500   12.4500   12.5500   12.6500   12.7500   12.8500
    12.9500   13.0500   13.1500   13.2500   13.3500   13.4500   13.5500   13.6500   13.7500   13.8500
    13.9500   14.0500   14.1500   14.2500   14.3500   14.4500   14.5500   14.6500   14.7500   14.8500
    14.9500   15.0500   15.1500   15.2500   15.3500   15.4500   15.5500   15.6500   15.7500   15.8500
    15.9500   16.0500   16.1500   16.2500   16.3500   16.4500   16.5500   16.6500   16.7500   16.8500
    16.9500   17.0500   17.1500   17.2500   17.3500   17.4500   17.5500   17.6500   17.7500   17.8500
    17.9500   18.0500   18.1500   18.2500   18.3500   18.4500   18.5500   18.6500   18.7500   18.8500
    18.9500   19.0500   19.1500   19.2500   19.3500   19.4500   19.5500   19.6500   19.7500   19.8500
    19.9500   20.0500   20.1500   20.2500   20.3500   20.4500   20.5500   20.6500   20.7500   20.8500
    20.9500   21.0500   21.1500   21.2500   21.3500   21.4500   21.5500   21.6500   21.7500   21.8500
    21.9500   22.0500   22.1500   22.2500   22.3500   22.4500   22.5500   22.6500   22.7500   22.8500
    22.9500   23.0500   23.1500   23.2500   23.3500   23.4500   23.5500   23.6500   23.7500   23.8500
    23.9500   24.0500   24.1500   24.2500   24.3500   24.4500   24.5500   24.6500   24.7500   24.8500
    24.9500   25.0500   25.1500   25.2500   25.3500   25.4500   25.5500   25.6500   25.7500   25.8500
    25.9500   26.0500   26.1500   26.2500   26.3500   26.4500   26.5500   26.6500   26.7500   26.8500
    26.9500   27.0500   27.1500   27.2500   27.3500   27.4500   27.5500   27.6500   27.7500   27.8500
    27.9500   28.0500   28.1500   28.2500   28.3500   28.4500   28.5500   28.6500   28.7500   28.8500
    28.9500   29.0500   29.1500   29.2500   29.3500   29.4500   29.5500   29.6500   29.7500   29.8500
    29.9500   30.0500   30.1500   30.2500   30.3500   30.4500   30.5500   30.6500   30.7500   30.8500
    30.9500   31.0500   31.1500   31.2500   31.3500   31.4500   31.5500   31.6500   31.7500   31.8500
    31.9500   32.0500   32.1500   32.2500   32.3500   32.4500   32.5500   32.6500   32.7500   32.8500
    32.9500   33.0500   33.1500   33.2500   33.3500   33.4500   33.5500   33.6500   33.7500   33.8500
    33.9500   34.0500   34.1500   34.2500   34.3500   34.4500   34.5500   34.6500   34.7500   34.8500
    34.9500   35.0500   35.1500   35.2500   35.3500   35.4500   35.5500   35.6500   35.7500   35.8500
    35.9500   36.0500   36.1500   36.2500   36.3500   36.4500   36.5500   36.6500   36.7500   36.8500
    36.9500   37.0500   37.1500   37.2500   37.3500   37.4500   37.5500   37.6500   37.7500   37.8500
    37.9500   38.0500   38.1500   38.2500   38.3500   38.4500   38.5500   38.6500   38.7500   38.8500
    38.9500   39.0500   39.1500   39.2500   39.3500   39.4500   39.5500   39.6500   39.7500   39.8500
    39.9500   40.0500   40.1500   40.2500   40.3500   40.4500   40.5500   40.6500   40.7500   40.8500
    40.9500   41.0500   41.1500   41.2500   41.3500   41.4500   41.5500   41.6500   41.7500   41.8500
    41.9500   42.0500   42.1500   42.2500   42.3500   42.4500   42.5500   42.6500   42.7500   42.8500
    42.9500   43.0500   43.1500   43.2500   43.3500   43.4500   43.5500   43.6500   43.7500   43.8500
    43.9500   44.0500   44.1500   44.2500   44.3500   44.4500   44.5500   44.6500   44.7500   44.8500
    44.9500   45.0500   45.1500   45.2500   45.3500   45.4500   45.5500   45.6500   45.7500   45.8500
    45.9500   46.0500   46.1500   46.2500   46.3500   46.4500   46.5500   46.6500   46.7500   46.8500
    46.9500   47.0500   47.1500   47.2500   47.3500   47.4500   47.5500   47.6500   47.7500   47.8500
    47.9500   48.0500   48.1500   48.2500   48.3500   48.4500   48.5500   48.6500   48.7500   48.8500
    48.9500   49.0500   49.1500   49.2500   49.3500   49.4500   49.5500   49.6500   49.7500   49.8500
    49.9500   50.0500   50.1500   50.2500   50.3500   50.4500   50.5500   50.6500   50.7500   50.8500
    50.9500   51.0500   51.1500   51.2500   51.3500   51.4500   51.5500   51.6500   51.7500   51.8500
    51.9500   52.0500   52.1500   52.2500   52.3500   52.4500   52.5500   52.6500   52.7500   52.8500
    52.9500   53.0500   53.1500   53.2500   53.3500   53.4500   53.5500   53.6500   53.7500   53.8500
    53.9500   54.0500   54.1500   54.2500   54.3500   54.4500   54.5500   54.6500   54.7500   54.8500
    54.9500   55.0500   55.1500   55.2500   55.3500   55.4500   55.5500   55.6500   55.7500   55.8500
    55.9500   56.0500   56.1500   56.2500   56.3500   56.4500   56.5500   56.6500   56.7500   56.8500
    56.9500   57.0500   57.1500   57.2500   57.3500   57.4500   57.5500   57.6500   57.7500   57.8500
    57.9500   58.0500   58.1500   58.2500   58.3500   58.4500   58.5500   58.6500   58.7500   58.8500
    58.9500   59.0500   59.1500   59.2500   59.3500   59.4500   59.5500   59.6500   59.7500   59.8500
    59.9500   60.0500   60.1500   60.2500   60.3500   60.4500   60.5500   60.6500   60.7500   60.8500
    60.9500   61.0500   61.1500   61.2500   61.3500   61.4500   61.5500   61.6500   61.7500   61.8500
    61.9500   62.0500

 Longitude of U points (deg): xu(i) i=1, 622
     0.0000    0.1000    0.2000    0.3000    0.4000    0.5000    0.6000    0.7000    0.8000    0.9000
     1.0000    1.1000    1.2000    1.3000    1.4000    1.5000    1.6000    1.7000    1.8000    1.9000
     2.0000    2.1000    2.2000    2.3000    2.4000    2.5000    2.6000    2.7000    2.8000    2.9000
     3.0000    3.1000    3.2000    3.3000    3.4000    3.5000    3.6000    3.7000    3.8000    3.9000
     4.0000    4.1000    4.2000    4.3000    4.4000    4.5000    4.6000    4.7000    4.8000    4.9000
     5.0000    5.1000    5.2000    5.3000    5.4000    5.5000    5.6000    5.7000    5.8000    5.9000
     6.0000    6.1000    6.2000    6.3000    6.4000    6.5000    6.6000    6.7000    6.8000    6.9000
     7.0000    7.1000    7.2000    7.3000    7.4000    7.5000    7.6000    7.7000    7.8000    7.9000
     8.0000    8.1000    8.2000    8.3000    8.4000    8.5000    8.6000    8.7000    8.8000    8.9000
     9.0000    9.1000    9.2000    9.3000    9.4000    9.5000    9.6000    9.7000    9.8000    9.9000
    10.0000   10.1000   10.2000   10.3000   10.4000   10.5000   10.6000   10.7000   10.8000   10.9000
    11.0000   11.1000   11.2000   11.3000   11.4000   11.5000   11.6000   11.7000   11.8000   11.9000
    12.0000   12.1000   12.2000   12.3000   12.4000   12.5000   12.6000   12.7000   12.8000   12.9000
    13.0000   13.1000   13.2000   13.3000   13.4000   13.5000   13.6000   13.7000   13.8000   13.9000
    14.0000   14.1000   14.2000   14.3000   14.4000   14.5000   14.6000   14.7000   14.8000   14.9000
    15.0000   15.1000   15.2000   15.3000   15.4000   15.5000   15.6000   15.7000   15.8000   15.9000
    16.0000   16.1000   16.2000   16.3000   16.4000   16.5000   16.6000   16.7000   16.8000   16.9000
    17.0000   17.1000   17.2000   17.3000   17.4000   17.5000   17.6000   17.7000   17.8000   17.9000
    18.0000   18.1000   18.2000   18.3000   18.4000   18.5000   18.6000   18.7000   18.8000   18.9000
    19.0000   19.1000   19.2000   19.3000   19.4000   19.5000   19.6000   19.7000   19.8000   19.9000
    20.0000   20.1000   20.2000   20.3000   20.4000   20.5000   20.6000   20.7000   20.8000   20.9000
    21.0000   21.1000   21.2000   21.3000   21.4000   21.5000   21.6000   21.7000   21.8000   21.9000
    22.0000   22.1000   22.2000   22.3000   22.4000   22.5000   22.6000   22.7000   22.8000   22.9000
    23.0000   23.1000   23.2000   23.3000   23.4000   23.5000   23.6000   23.7000   23.8000   23.9000
    24.0000   24.1000   24.2000   24.3000   24.4000   24.5000   24.6000   24.7000   24.8000   24.9000
    25.0000   25.1000   25.2000   25.3000   25.4000   25.5000   25.6000   25.7000   25.8000   25.9000
    26.0000   26.1000   26.2000   26.3000   26.4000   26.5000   26.6000   26.7000   26.8000   26.9000
    27.0000   27.1000   27.2000   27.3000   27.4000   27.5000   27.6000   27.7000   27.8000   27.9000
    28.0000   28.1000   28.2000   28.3000   28.4000   28.5000   28.6000   28.7000   28.8000   28.9000
    29.0000   29.1000   29.2000   29.3000   29.4000   29.5000   29.6000   29.7000   29.8000   29.9000
    30.0000   30.1000   30.2000   30.3000   30.4000   30.5000   30.6000   30.7000   30.8000   30.9000
    31.0000   31.1000   31.2000   31.3000   31.4000   31.5000   31.6000   31.7000   31.8000   31.9000
    32.0000   32.1000   32.2000   32.3000   32.4000   32.5000   32.6000   32.7000   32.8000   32.9000
    33.0000   33.1000   33.2000   33.3000   33.4000   33.5000   33.6000   33.7000   33.8000   33.9000
    34.0000   34.1000   34.2000   34.3000   34.4000   34.5000   34.6000   34.7000   34.8000   34.9000
    35.0000   35.1000   35.2000   35.3000   35.4000   35.5000   35.6000   35.7000   35.8000   35.9000
    36.0000   36.1000   36.2000   36.3000   36.4000   36.5000   36.6000   36.7000   36.8000   36.9000
    37.0000   37.1000   37.2000   37.3000   37.4000   37.5000   37.6000   37.7000   37.8000   37.9000
    38.0000   38.1000   38.2000   38.3000   38.4000   38.5000   38.6000   38.7000   38.8000   38.9000
    39.0000   39.1000   39.2000   39.3000   39.4000   39.5000   39.6000   39.7000   39.8000   39.9000
    40.0000   40.1000   40.2000   40.3000   40.4000   40.5000   40.6000   40.7000   40.8000   40.9000
    41.0000   41.1000   41.2000   41.3000   41.4000   41.5000   41.6000   41.7000   41.8000   41.9000
    42.0000   42.1000   42.2000   42.3000   42.4000   42.5000   42.6000   42.7000   42.8000   42.9000
    43.0000   43.1000   43.2000   43.3000   43.4000   43.5000   43.6000   43.7000   43.8000   43.9000
    44.0000   44.1000   44.2000   44.3000   44.4000   44.5000   44.6000   44.7000   44.8000   44.9000
    45.0000   45.1000   45.2000   45.3000   45.4000   45.5000   45.6000   45.7000   45.8000   45.9000
    46.0000   46.1000   46.2000   46.3000   46.4000   46.5000   46.6000   46.7000   46.8000   46.9000
    47.0000   47.1000   47.2000   47.3000   47.4000   47.5000   47.6000   47.7000   47.8000   47.9000
    48.0000   48.1000   48.2000   48.3000   48.4000   48.5000   48.6000   48.7000   48.8000   48.9000
    49.0000   49.1000   49.2000   49.3000   49.4000   49.5000   49.6000   49.7000   49.8000   49.9000
    50.0000   50.1000   50.2000   50.3000   50.4000   50.5000   50.6000   50.7000   50.8000   50.9000
    51.0000   51.1000   51.2000   51.3000   51.4000   51.5000   51.6000   51.7000   51.8000   51.9000
    52.0000   52.1000   52.2000   52.3000   52.4000   52.5000   52.6000   52.7000   52.8000   52.9000
    53.0000   53.1000   53.2000   53.3000   53.4000   53.5000   53.6000   53.7000   53.8000   53.9000
    54.0000   54.1000   54.2000   54.3000   54.4000   54.5000   54.6000   54.7000   54.8000   54.9000
    55.0000   55.1000   55.2000   55.3000   55.4000   55.5000   55.6000   55.7000   55.8000   55.9000
    56.0000   56.1000   56.2000   56.3000   56.4000   56.5000   56.6000   56.7000   56.8000   56.9000
    57.0000   57.1000   57.2000   57.3000   57.4000   57.5000   57.6000   57.7000   57.8000   57.9000
    58.0000   58.1000   58.2000   58.3000   58.4000   58.5000   58.6000   58.7000   58.8000   58.9000
    59.0000   59.1000   59.2000   59.3000   59.4000   59.5000   59.6000   59.7000   59.8000   59.9000
    60.0000   60.1000   60.2000   60.3000   60.4000   60.5000   60.6000   60.7000   60.8000   60.9000
    61.0000   61.1000   61.2000   61.3000   61.4000   61.5000   61.6000   61.7000   61.8000   61.9000
    62.0000   62.1000


 Grid checksum =    5.1296880200000018E+07



                     Driving the topog module...



                                    T O P O G R A P H Y    G E N E R A T I O N

kmt_min =    4


           The following "ifdef" options have been enabled:
            (Consult the manual for their meaning)

 drive_topog                    write_my_kmt                   rectangular_box                solid_walls                   
 fill_isolated_cells           

 END OF ENABLED OPTIONS LIST


=>Warning: roughness will be zero unless option "etopo_kmt" or option read_my_roughness is used.


Constructing a flat bottomed rectangular box with  100 levels


Use -Ddebug_kmt to show the first kmt map

 Original "kmt" checksum =   1.5566278000000000E+12


number of ocean T cells =********
surface area (T cells)  =   0.300446E+18 cm**2
ocean volume (T cells)  =   0.150223E+24 cm**3



USER MODIFICATIONS to "kmt" follow:


Searching for and correcting minimum level violations

->No modifications needed


Searching for isolated T cells...
 -> None Found.

Finding perimeters of all land masses

Exploring land mass   1
number of island perimeter points: nippts( 1)=2036
  Island perimeter statistics:
 maximum queue size was  40
 number of land masses is  1
 number of island perimeter points is  2036


number of ocean T cells =********
surface area (T cells)  =   0.300446E+18 cm**2
ocean volume (T cells)  =   0.150223E+24 cm**3



Use -Dskip_island_map to eliminate the following map


                                      Land Masses and Perimeters
  
         5   10   15   20   25   30   35   40   45   50   55   60   65   70   75   80   85   90   95  100  105  110  115  120  125
 402 11111111111111111111111111111111111111111111111111111111111111111111111111111111111111111111111111111111111111111111111111111
 401 1****************************************************************************************************************************
 400 1*000000000000000000000000000000000000000000000000000000000000000000000000000000000000000000000000000000000000000000000000000
 399 1*000000000000000000000000000000000000000000000000000000000000000000000000000000000000000000000000000000000000000000000000000
 398 1*000000000000000000000000000000000000000000000000000000000000000000000000000000000000000000000000000000000000000000000000000
 397 1*000000000000000000000000000000000000000000000000000000000000000000000000000000000000000000000000000000000000000000000000000
 396 1*000000000000000000000000000000000000000000000000000000000000000000000000000000000000000000000000000000000000000000000000000
 395 1*000000000000000000000000000000000000000000000000000000000000000000000000000000000000000000000000000000000000000000000000000
 394 1*000000000000000000000000000000000000000000000000000000000000000000000000000000000000000000000000000000000000000000000000000
 393 1*000000000000000000000000000000000000000000000000000000000000000000000000000000000000000000000000000000000000000000000000000
 392 1*000000000000000000000000000000000000000000000000000000000000000000000000000000000000000000000000000000000000000000000000000
 391 1*000000000000000000000000000000000000000000000000000000000000000000000000000000000000000000000000000000000000000000000000000
 390 1*000000000000000000000000000000000000000000000000000000000000000000000000000000000000000000000000000000000000000000000000000
 389 1*000000000000000000000000000000000000000000000000000000000000000000000000000000000000000000000000000000000000000000000000000
 388 1*000000000000000000000000000000000000000000000000000000000000000000000000000000000000000000000000000000000000000000000000000
 387 1*000000000000000000000000000000000000000000000000000000000000000000000000000000000000000000000000000000000000000000000000000
 386 1*000000000000000000000000000000000000000000000000000000000000000000000000000000000000000000000000000000000000000000000000000
 385 1*000000000000000000000000000000000000000000000000000000000000000000000000000000000000000000000000000000000000000000000000000
 384 1*000000000000000000000000000000000000000000000000000000000000000000000000000000000000000000000000000000000000000000000000000
 383 1*000000000000000000000000000000000000000000000000000000000000000000000000000000000000000000000000000000000000000000000000000
 382 1*000000000000000000000000000000000000000000000000000000000000000000000000000000000000000000000000000000000000000000000000000
 381 1*000000000000000000000000000000000000000000000000000000000000000000000000000000000000000000000000000000000000000000000000000
 380 1*000000000000000000000000000000000000000000000000000000000000000000000000000000000000000000000000000000000000000000000000000
 379 1*000000000000000000000000000000000000000000000000000000000000000000000000000000000000000000000000000000000000000000000000000
 378 1*000000000000000000000000000000000000000000000000000000000000000000000000000000000000000000000000000000000000000000000000000
 377 1*000000000000000000000000000000000000000000000000000000000000000000000000000000000000000000000000000000000000000000000000000
 376 1*000000000000000000000000000000000000000000000000000000000000000000000000000000000000000000000000000000000000000000000000000
 375 1*000000000000000000000000000000000000000000000000000000000000000000000000000000000000000000000000000000000000000000000000000
 374 1*000000000000000000000000000000000000000000000000000000000000000000000000000000000000000000000000000000000000000000000000000
 373 1*000000000000000000000000000000000000000000000000000000000000000000000000000000000000000000000000000000000000000000000000000
 372 1*000000000000000000000000000000000000000000000000000000000000000000000000000000000000000000000000000000000000000000000000000
 371 1*000000000000000000000000000000000000000000000000000000000000000000000000000000000000000000000000000000000000000000000000000
 370 1*000000000000000000000000000000000000000000000000000000000000000000000000000000000000000000000000000000000000000000000000000
 369 1*000000000000000000000000000000000000000000000000000000000000000000000000000000000000000000000000000000000000000000000000000
 368 1*000000000000000000000000000000000000000000000000000000000000000000000000000000000000000000000000000000000000000000000000000
 367 1*000000000000000000000000000000000000000000000000000000000000000000000000000000000000000000000000000000000000000000000000000
 366 1*000000000000000000000000000000000000000000000000000000000000000000000000000000000000000000000000000000000000000000000000000
 365 1*000000000000000000000000000000000000000000000000000000000000000000000000000000000000000000000000000000000000000000000000000
 364 1*000000000000000000000000000000000000000000000000000000000000000000000000000000000000000000000000000000000000000000000000000
 363 1*000000000000000000000000000000000000000000000000000000000000000000000000000000000000000000000000000000000000000000000000000
 362 1*000000000000000000000000000000000000000000000000000000000000000000000000000000000000000000000000000000000000000000000000000
 361 1*000000000000000000000000000000000000000000000000000000000000000000000000000000000000000000000000000000000000000000000000000
 360 1*000000000000000000000000000000000000000000000000000000000000000000000000000000000000000000000000000000000000000000000000000
 359 1*000000000000000000000000000000000000000000000000000000000000000000000000000000000000000000000000000000000000000000000000000
 358 1*000000000000000000000000000000000000000000000000000000000000000000000000000000000000000000000000000000000000000000000000000
 357 1*000000000000000000000000000000000000000000000000000000000000000000000000000000000000000000000000000000000000000000000000000
 356 1*000000000000000000000000000000000000000000000000000000000000000000000000000000000000000000000000000000000000000000000000000
 355 1*000000000000000000000000000000000000000000000000000000000000000000000000000000000000000000000000000000000000000000000000000
 354 1*000000000000000000000000000000000000000000000000000000000000000000000000000000000000000000000000000000000000000000000000000
 353 1*000000000000000000000000000000000000000000000000000000000000000000000000000000000000000000000000000000000000000000000000000
 352 1*000000000000000000000000000000000000000000000000000000000000000000000000000000000000000000000000000000000000000000000000000
 351 1*000000000000000000000000000000000000000000000000000000000000000000000000000000000000000000000000000000000000000000000000000
 350 1*000000000000000000000000000000000000000000000000000000000000000000000000000000000000000000000000000000000000000000000000000
 349 1*000000000000000000000000000000000000000000000000000000000000000000000000000000000000000000000000000000000000000000000000000
 348 1*000000000000000000000000000000000000000000000000000000000000000000000000000000000000000000000000000000000000000000000000000
 347 1*000000000000000000000000000000000000000000000000000000000000000000000000000000000000000000000000000000000000000000000000000
 346 1*000000000000000000000000000000000000000000000000000000000000000000000000000000000000000000000000000000000000000000000000000
 345 1*000000000000000000000000000000000000000000000000000000000000000000000000000000000000000000000000000000000000000000000000000
 344 1*000000000000000000000000000000000000000000000000000000000000000000000000000000000000000000000000000000000000000000000000000
 343 1*000000000000000000000000000000000000000000000000000000000000000000000000000000000000000000000000000000000000000000000000000
 342 1*000000000000000000000000000000000000000000000000000000000000000000000000000000000000000000000000000000000000000000000000000
 341 1*000000000000000000000000000000000000000000000000000000000000000000000000000000000000000000000000000000000000000000000000000
 340 1*000000000000000000000000000000000000000000000000000000000000000000000000000000000000000000000000000000000000000000000000000
 339 1*000000000000000000000000000000000000000000000000000000000000000000000000000000000000000000000000000000000000000000000000000
 338 1*000000000000000000000000000000000000000000000000000000000000000000000000000000000000000000000000000000000000000000000000000
 337 1*000000000000000000000000000000000000000000000000000000000000000000000000000000000000000000000000000000000000000000000000000
 336 1*000000000000000000000000000000000000000000000000000000000000000000000000000000000000000000000000000000000000000000000000000
 335 1*000000000000000000000000000000000000000000000000000000000000000000000000000000000000000000000000000000000000000000000000000
 334 1*000000000000000000000000000000000000000000000000000000000000000000000000000000000000000000000000000000000000000000000000000
 333 1*000000000000000000000000000000000000000000000000000000000000000000000000000000000000000000000000000000000000000000000000000
 332 1*000000000000000000000000000000000000000000000000000000000000000000000000000000000000000000000000000000000000000000000000000
 331 1*000000000000000000000000000000000000000000000000000000000000000000000000000000000000000000000000000000000000000000000000000
 330 1*000000000000000000000000000000000000000000000000000000000000000000000000000000000000000000000000000000000000000000000000000
 329 1*000000000000000000000000000000000000000000000000000000000000000000000000000000000000000000000000000000000000000000000000000
 328 1*000000000000000000000000000000000000000000000000000000000000000000000000000000000000000000000000000000000000000000000000000
 327 1*000000000000000000000000000000000000000000000000000000000000000000000000000000000000000000000000000000000000000000000000000
 326 1*000000000000000000000000000000000000000000000000000000000000000000000000000000000000000000000000000000000000000000000000000
 325 1*000000000000000000000000000000000000000000000000000000000000000000000000000000000000000000000000000000000000000000000000000
 324 1*000000000000000000000000000000000000000000000000000000000000000000000000000000000000000000000000000000000000000000000000000
 323 1*000000000000000000000000000000000000000000000000000000000000000000000000000000000000000000000000000000000000000000000000000
 322 1*000000000000000000000000000000000000000000000000000000000000000000000000000000000000000000000000000000000000000000000000000
 321 1*000000000000000000000000000000000000000000000000000000000000000000000000000000000000000000000000000000000000000000000000000
 320 1*000000000000000000000000000000000000000000000000000000000000000000000000000000000000000000000000000000000000000000000000000
 319 1*000000000000000000000000000000000000000000000000000000000000000000000000000000000000000000000000000000000000000000000000000
 318 1*000000000000000000000000000000000000000000000000000000000000000000000000000000000000000000000000000000000000000000000000000
 317 1*000000000000000000000000000000000000000000000000000000000000000000000000000000000000000000000000000000000000000000000000000
 316 1*000000000000000000000000000000000000000000000000000000000000000000000000000000000000000000000000000000000000000000000000000
 315 1*000000000000000000000000000000000000000000000000000000000000000000000000000000000000000000000000000000000000000000000000000
 314 1*000000000000000000000000000000000000000000000000000000000000000000000000000000000000000000000000000000000000000000000000000
 313 1*000000000000000000000000000000000000000000000000000000000000000000000000000000000000000000000000000000000000000000000000000
 312 1*000000000000000000000000000000000000000000000000000000000000000000000000000000000000000000000000000000000000000000000000000
 311 1*000000000000000000000000000000000000000000000000000000000000000000000000000000000000000000000000000000000000000000000000000
 310 1*000000000000000000000000000000000000000000000000000000000000000000000000000000000000000000000000000000000000000000000000000
 309 1*000000000000000000000000000000000000000000000000000000000000000000000000000000000000000000000000000000000000000000000000000
 308 1*000000000000000000000000000000000000000000000000000000000000000000000000000000000000000000000000000000000000000000000000000
 307 1*000000000000000000000000000000000000000000000000000000000000000000000000000000000000000000000000000000000000000000000000000
 306 1*000000000000000000000000000000000000000000000000000000000000000000000000000000000000000000000000000000000000000000000000000
 305 1*000000000000000000000000000000000000000000000000000000000000000000000000000000000000000000000000000000000000000000000000000
 304 1*000000000000000000000000000000000000000000000000000000000000000000000000000000000000000000000000000000000000000000000000000
 303 1*000000000000000000000000000000000000000000000000000000000000000000000000000000000000000000000000000000000000000000000000000
 302 1*000000000000000000000000000000000000000000000000000000000000000000000000000000000000000000000000000000000000000000000000000
 301 1*000000000000000000000000000000000000000000000000000000000000000000000000000000000000000000000000000000000000000000000000000
 300 1*000000000000000000000000000000000000000000000000000000000000000000000000000000000000000000000000000000000000000000000000000
 299 1*000000000000000000000000000000000000000000000000000000000000000000000000000000000000000000000000000000000000000000000000000
 298 1*000000000000000000000000000000000000000000000000000000000000000000000000000000000000000000000000000000000000000000000000000
 297 1*000000000000000000000000000000000000000000000000000000000000000000000000000000000000000000000000000000000000000000000000000
 296 1*000000000000000000000000000000000000000000000000000000000000000000000000000000000000000000000000000000000000000000000000000
 295 1*000000000000000000000000000000000000000000000000000000000000000000000000000000000000000000000000000000000000000000000000000
 294 1*000000000000000000000000000000000000000000000000000000000000000000000000000000000000000000000000000000000000000000000000000
 293 1*000000000000000000000000000000000000000000000000000000000000000000000000000000000000000000000000000000000000000000000000000
 292 1*000000000000000000000000000000000000000000000000000000000000000000000000000000000000000000000000000000000000000000000000000
 291 1*000000000000000000000000000000000000000000000000000000000000000000000000000000000000000000000000000000000000000000000000000
 290 1*000000000000000000000000000000000000000000000000000000000000000000000000000000000000000000000000000000000000000000000000000
 289 1*000000000000000000000000000000000000000000000000000000000000000000000000000000000000000000000000000000000000000000000000000
 288 1*000000000000000000000000000000000000000000000000000000000000000000000000000000000000000000000000000000000000000000000000000
 287 1*000000000000000000000000000000000000000000000000000000000000000000000000000000000000000000000000000000000000000000000000000
 286 1*000000000000000000000000000000000000000000000000000000000000000000000000000000000000000000000000000000000000000000000000000
 285 1*000000000000000000000000000000000000000000000000000000000000000000000000000000000000000000000000000000000000000000000000000
 284 1*000000000000000000000000000000000000000000000000000000000000000000000000000000000000000000000000000000000000000000000000000
 283 1*000000000000000000000000000000000000000000000000000000000000000000000000000000000000000000000000000000000000000000000000000
 282 1*000000000000000000000000000000000000000000000000000000000000000000000000000000000000000000000000000000000000000000000000000
 281 1*000000000000000000000000000000000000000000000000000000000000000000000000000000000000000000000000000000000000000000000000000
 280 1*000000000000000000000000000000000000000000000000000000000000000000000000000000000000000000000000000000000000000000000000000
 279 1*000000000000000000000000000000000000000000000000000000000000000000000000000000000000000000000000000000000000000000000000000
 278 1*000000000000000000000000000000000000000000000000000000000000000000000000000000000000000000000000000000000000000000000000000
 277 1*000000000000000000000000000000000000000000000000000000000000000000000000000000000000000000000000000000000000000000000000000
 276 1*000000000000000000000000000000000000000000000000000000000000000000000000000000000000000000000000000000000000000000000000000
 275 1*000000000000000000000000000000000000000000000000000000000000000000000000000000000000000000000000000000000000000000000000000
 274 1*000000000000000000000000000000000000000000000000000000000000000000000000000000000000000000000000000000000000000000000000000
 273 1*000000000000000000000000000000000000000000000000000000000000000000000000000000000000000000000000000000000000000000000000000
 272 1*000000000000000000000000000000000000000000000000000000000000000000000000000000000000000000000000000000000000000000000000000
 271 1*000000000000000000000000000000000000000000000000000000000000000000000000000000000000000000000000000000000000000000000000000
 270 1*000000000000000000000000000000000000000000000000000000000000000000000000000000000000000000000000000000000000000000000000000
 269 1*000000000000000000000000000000000000000000000000000000000000000000000000000000000000000000000000000000000000000000000000000
 268 1*000000000000000000000000000000000000000000000000000000000000000000000000000000000000000000000000000000000000000000000000000
 267 1*000000000000000000000000000000000000000000000000000000000000000000000000000000000000000000000000000000000000000000000000000
 266 1*000000000000000000000000000000000000000000000000000000000000000000000000000000000000000000000000000000000000000000000000000
 265 1*000000000000000000000000000000000000000000000000000000000000000000000000000000000000000000000000000000000000000000000000000
 264 1*000000000000000000000000000000000000000000000000000000000000000000000000000000000000000000000000000000000000000000000000000
 263 1*000000000000000000000000000000000000000000000000000000000000000000000000000000000000000000000000000000000000000000000000000
 262 1*000000000000000000000000000000000000000000000000000000000000000000000000000000000000000000000000000000000000000000000000000
 261 1*000000000000000000000000000000000000000000000000000000000000000000000000000000000000000000000000000000000000000000000000000
 260 1*000000000000000000000000000000000000000000000000000000000000000000000000000000000000000000000000000000000000000000000000000
 259 1*000000000000000000000000000000000000000000000000000000000000000000000000000000000000000000000000000000000000000000000000000
 258 1*000000000000000000000000000000000000000000000000000000000000000000000000000000000000000000000000000000000000000000000000000
 257 1*000000000000000000000000000000000000000000000000000000000000000000000000000000000000000000000000000000000000000000000000000
 256 1*000000000000000000000000000000000000000000000000000000000000000000000000000000000000000000000000000000000000000000000000000
 255 1*000000000000000000000000000000000000000000000000000000000000000000000000000000000000000000000000000000000000000000000000000
 254 1*000000000000000000000000000000000000000000000000000000000000000000000000000000000000000000000000000000000000000000000000000
 253 1*000000000000000000000000000000000000000000000000000000000000000000000000000000000000000000000000000000000000000000000000000
 252 1*000000000000000000000000000000000000000000000000000000000000000000000000000000000000000000000000000000000000000000000000000
 251 1*000000000000000000000000000000000000000000000000000000000000000000000000000000000000000000000000000000000000000000000000000
 250 1*000000000000000000000000000000000000000000000000000000000000000000000000000000000000000000000000000000000000000000000000000
 249 1*000000000000000000000000000000000000000000000000000000000000000000000000000000000000000000000000000000000000000000000000000
 248 1*000000000000000000000000000000000000000000000000000000000000000000000000000000000000000000000000000000000000000000000000000
 247 1*000000000000000000000000000000000000000000000000000000000000000000000000000000000000000000000000000000000000000000000000000
 246 1*000000000000000000000000000000000000000000000000000000000000000000000000000000000000000000000000000000000000000000000000000
 245 1*000000000000000000000000000000000000000000000000000000000000000000000000000000000000000000000000000000000000000000000000000
 244 1*000000000000000000000000000000000000000000000000000000000000000000000000000000000000000000000000000000000000000000000000000
 243 1*000000000000000000000000000000000000000000000000000000000000000000000000000000000000000000000000000000000000000000000000000
 242 1*000000000000000000000000000000000000000000000000000000000000000000000000000000000000000000000000000000000000000000000000000
 241 1*000000000000000000000000000000000000000000000000000000000000000000000000000000000000000000000000000000000000000000000000000
 240 1*000000000000000000000000000000000000000000000000000000000000000000000000000000000000000000000000000000000000000000000000000
 239 1*000000000000000000000000000000000000000000000000000000000000000000000000000000000000000000000000000000000000000000000000000
 238 1*000000000000000000000000000000000000000000000000000000000000000000000000000000000000000000000000000000000000000000000000000
 237 1*000000000000000000000000000000000000000000000000000000000000000000000000000000000000000000000000000000000000000000000000000
 236 1*000000000000000000000000000000000000000000000000000000000000000000000000000000000000000000000000000000000000000000000000000
 235 1*000000000000000000000000000000000000000000000000000000000000000000000000000000000000000000000000000000000000000000000000000
 234 1*000000000000000000000000000000000000000000000000000000000000000000000000000000000000000000000000000000000000000000000000000
 233 1*000000000000000000000000000000000000000000000000000000000000000000000000000000000000000000000000000000000000000000000000000
 232 1*000000000000000000000000000000000000000000000000000000000000000000000000000000000000000000000000000000000000000000000000000
 231 1*000000000000000000000000000000000000000000000000000000000000000000000000000000000000000000000000000000000000000000000000000
 230 1*000000000000000000000000000000000000000000000000000000000000000000000000000000000000000000000000000000000000000000000000000
 229 1*000000000000000000000000000000000000000000000000000000000000000000000000000000000000000000000000000000000000000000000000000
 228 1*000000000000000000000000000000000000000000000000000000000000000000000000000000000000000000000000000000000000000000000000000
 227 1*000000000000000000000000000000000000000000000000000000000000000000000000000000000000000000000000000000000000000000000000000
 226 1*000000000000000000000000000000000000000000000000000000000000000000000000000000000000000000000000000000000000000000000000000
 225 1*000000000000000000000000000000000000000000000000000000000000000000000000000000000000000000000000000000000000000000000000000
 224 1*000000000000000000000000000000000000000000000000000000000000000000000000000000000000000000000000000000000000000000000000000
 223 1*000000000000000000000000000000000000000000000000000000000000000000000000000000000000000000000000000000000000000000000000000
 222 1*000000000000000000000000000000000000000000000000000000000000000000000000000000000000000000000000000000000000000000000000000
 221 1*000000000000000000000000000000000000000000000000000000000000000000000000000000000000000000000000000000000000000000000000000
 220 1*000000000000000000000000000000000000000000000000000000000000000000000000000000000000000000000000000000000000000000000000000
 219 1*000000000000000000000000000000000000000000000000000000000000000000000000000000000000000000000000000000000000000000000000000
 218 1*000000000000000000000000000000000000000000000000000000000000000000000000000000000000000000000000000000000000000000000000000
 217 1*000000000000000000000000000000000000000000000000000000000000000000000000000000000000000000000000000000000000000000000000000
 216 1*000000000000000000000000000000000000000000000000000000000000000000000000000000000000000000000000000000000000000000000000000
 215 1*000000000000000000000000000000000000000000000000000000000000000000000000000000000000000000000000000000000000000000000000000
 214 1*000000000000000000000000000000000000000000000000000000000000000000000000000000000000000000000000000000000000000000000000000
 213 1*000000000000000000000000000000000000000000000000000000000000000000000000000000000000000000000000000000000000000000000000000
 212 1*000000000000000000000000000000000000000000000000000000000000000000000000000000000000000000000000000000000000000000000000000
 211 1*000000000000000000000000000000000000000000000000000000000000000000000000000000000000000000000000000000000000000000000000000
 210 1*000000000000000000000000000000000000000000000000000000000000000000000000000000000000000000000000000000000000000000000000000
 209 1*000000000000000000000000000000000000000000000000000000000000000000000000000000000000000000000000000000000000000000000000000
 208 1*000000000000000000000000000000000000000000000000000000000000000000000000000000000000000000000000000000000000000000000000000
 207 1*000000000000000000000000000000000000000000000000000000000000000000000000000000000000000000000000000000000000000000000000000
 206 1*000000000000000000000000000000000000000000000000000000000000000000000000000000000000000000000000000000000000000000000000000
 205 1*000000000000000000000000000000000000000000000000000000000000000000000000000000000000000000000000000000000000000000000000000
 204 1*000000000000000000000000000000000000000000000000000000000000000000000000000000000000000000000000000000000000000000000000000
 203 1*000000000000000000000000000000000000000000000000000000000000000000000000000000000000000000000000000000000000000000000000000
 202 1*000000000000000000000000000000000000000000000000000000000000000000000000000000000000000000000000000000000000000000000000000
 201 1*000000000000000000000000000000000000000000000000000000000000000000000000000000000000000000000000000000000000000000000000000
 200 1*000000000000000000000000000000000000000000000000000000000000000000000000000000000000000000000000000000000000000000000000000
 199 1*000000000000000000000000000000000000000000000000000000000000000000000000000000000000000000000000000000000000000000000000000
 198 1*000000000000000000000000000000000000000000000000000000000000000000000000000000000000000000000000000000000000000000000000000
 197 1*000000000000000000000000000000000000000000000000000000000000000000000000000000000000000000000000000000000000000000000000000
 196 1*000000000000000000000000000000000000000000000000000000000000000000000000000000000000000000000000000000000000000000000000000
 195 1*000000000000000000000000000000000000000000000000000000000000000000000000000000000000000000000000000000000000000000000000000
 194 1*000000000000000000000000000000000000000000000000000000000000000000000000000000000000000000000000000000000000000000000000000
 193 1*000000000000000000000000000000000000000000000000000000000000000000000000000000000000000000000000000000000000000000000000000
 192 1*000000000000000000000000000000000000000000000000000000000000000000000000000000000000000000000000000000000000000000000000000
 191 1*000000000000000000000000000000000000000000000000000000000000000000000000000000000000000000000000000000000000000000000000000
 190 1*000000000000000000000000000000000000000000000000000000000000000000000000000000000000000000000000000000000000000000000000000
 189 1*000000000000000000000000000000000000000000000000000000000000000000000000000000000000000000000000000000000000000000000000000
 188 1*000000000000000000000000000000000000000000000000000000000000000000000000000000000000000000000000000000000000000000000000000
 187 1*000000000000000000000000000000000000000000000000000000000000000000000000000000000000000000000000000000000000000000000000000
 186 1*000000000000000000000000000000000000000000000000000000000000000000000000000000000000000000000000000000000000000000000000000
 185 1*000000000000000000000000000000000000000000000000000000000000000000000000000000000000000000000000000000000000000000000000000
 184 1*000000000000000000000000000000000000000000000000000000000000000000000000000000000000000000000000000000000000000000000000000
 183 1*000000000000000000000000000000000000000000000000000000000000000000000000000000000000000000000000000000000000000000000000000
 182 1*000000000000000000000000000000000000000000000000000000000000000000000000000000000000000000000000000000000000000000000000000
 181 1*000000000000000000000000000000000000000000000000000000000000000000000000000000000000000000000000000000000000000000000000000
 180 1*000000000000000000000000000000000000000000000000000000000000000000000000000000000000000000000000000000000000000000000000000
 179 1*000000000000000000000000000000000000000000000000000000000000000000000000000000000000000000000000000000000000000000000000000
 178 1*000000000000000000000000000000000000000000000000000000000000000000000000000000000000000000000000000000000000000000000000000
 177 1*000000000000000000000000000000000000000000000000000000000000000000000000000000000000000000000000000000000000000000000000000
 176 1*000000000000000000000000000000000000000000000000000000000000000000000000000000000000000000000000000000000000000000000000000
 175 1*000000000000000000000000000000000000000000000000000000000000000000000000000000000000000000000000000000000000000000000000000
 174 1*000000000000000000000000000000000000000000000000000000000000000000000000000000000000000000000000000000000000000000000000000
 173 1*000000000000000000000000000000000000000000000000000000000000000000000000000000000000000000000000000000000000000000000000000
 172 1*000000000000000000000000000000000000000000000000000000000000000000000000000000000000000000000000000000000000000000000000000
 171 1*000000000000000000000000000000000000000000000000000000000000000000000000000000000000000000000000000000000000000000000000000
 170 1*000000000000000000000000000000000000000000000000000000000000000000000000000000000000000000000000000000000000000000000000000
 169 1*000000000000000000000000000000000000000000000000000000000000000000000000000000000000000000000000000000000000000000000000000
 168 1*000000000000000000000000000000000000000000000000000000000000000000000000000000000000000000000000000000000000000000000000000
 167 1*000000000000000000000000000000000000000000000000000000000000000000000000000000000000000000000000000000000000000000000000000
 166 1*000000000000000000000000000000000000000000000000000000000000000000000000000000000000000000000000000000000000000000000000000
 165 1*000000000000000000000000000000000000000000000000000000000000000000000000000000000000000000000000000000000000000000000000000
 164 1*000000000000000000000000000000000000000000000000000000000000000000000000000000000000000000000000000000000000000000000000000
 163 1*000000000000000000000000000000000000000000000000000000000000000000000000000000000000000000000000000000000000000000000000000
 162 1*000000000000000000000000000000000000000000000000000000000000000000000000000000000000000000000000000000000000000000000000000
 161 1*000000000000000000000000000000000000000000000000000000000000000000000000000000000000000000000000000000000000000000000000000
 160 1*000000000000000000000000000000000000000000000000000000000000000000000000000000000000000000000000000000000000000000000000000
 159 1*000000000000000000000000000000000000000000000000000000000000000000000000000000000000000000000000000000000000000000000000000
 158 1*000000000000000000000000000000000000000000000000000000000000000000000000000000000000000000000000000000000000000000000000000
 157 1*000000000000000000000000000000000000000000000000000000000000000000000000000000000000000000000000000000000000000000000000000
 156 1*000000000000000000000000000000000000000000000000000000000000000000000000000000000000000000000000000000000000000000000000000
 155 1*000000000000000000000000000000000000000000000000000000000000000000000000000000000000000000000000000000000000000000000000000
 154 1*000000000000000000000000000000000000000000000000000000000000000000000000000000000000000000000000000000000000000000000000000
 153 1*000000000000000000000000000000000000000000000000000000000000000000000000000000000000000000000000000000000000000000000000000
 152 1*000000000000000000000000000000000000000000000000000000000000000000000000000000000000000000000000000000000000000000000000000
 151 1*000000000000000000000000000000000000000000000000000000000000000000000000000000000000000000000000000000000000000000000000000
 150 1*000000000000000000000000000000000000000000000000000000000000000000000000000000000000000000000000000000000000000000000000000
 149 1*000000000000000000000000000000000000000000000000000000000000000000000000000000000000000000000000000000000000000000000000000
 148 1*000000000000000000000000000000000000000000000000000000000000000000000000000000000000000000000000000000000000000000000000000
 147 1*000000000000000000000000000000000000000000000000000000000000000000000000000000000000000000000000000000000000000000000000000
 146 1*000000000000000000000000000000000000000000000000000000000000000000000000000000000000000000000000000000000000000000000000000
 145 1*000000000000000000000000000000000000000000000000000000000000000000000000000000000000000000000000000000000000000000000000000
 144 1*000000000000000000000000000000000000000000000000000000000000000000000000000000000000000000000000000000000000000000000000000
 143 1*000000000000000000000000000000000000000000000000000000000000000000000000000000000000000000000000000000000000000000000000000
 142 1*000000000000000000000000000000000000000000000000000000000000000000000000000000000000000000000000000000000000000000000000000
 141 1*000000000000000000000000000000000000000000000000000000000000000000000000000000000000000000000000000000000000000000000000000
 140 1*000000000000000000000000000000000000000000000000000000000000000000000000000000000000000000000000000000000000000000000000000
 139 1*000000000000000000000000000000000000000000000000000000000000000000000000000000000000000000000000000000000000000000000000000
 138 1*000000000000000000000000000000000000000000000000000000000000000000000000000000000000000000000000000000000000000000000000000
 137 1*000000000000000000000000000000000000000000000000000000000000000000000000000000000000000000000000000000000000000000000000000
 136 1*000000000000000000000000000000000000000000000000000000000000000000000000000000000000000000000000000000000000000000000000000
 135 1*000000000000000000000000000000000000000000000000000000000000000000000000000000000000000000000000000000000000000000000000000
 134 1*000000000000000000000000000000000000000000000000000000000000000000000000000000000000000000000000000000000000000000000000000
 133 1*000000000000000000000000000000000000000000000000000000000000000000000000000000000000000000000000000000000000000000000000000
 132 1*000000000000000000000000000000000000000000000000000000000000000000000000000000000000000000000000000000000000000000000000000
 131 1*000000000000000000000000000000000000000000000000000000000000000000000000000000000000000000000000000000000000000000000000000
 130 1*000000000000000000000000000000000000000000000000000000000000000000000000000000000000000000000000000000000000000000000000000
 129 1*000000000000000000000000000000000000000000000000000000000000000000000000000000000000000000000000000000000000000000000000000
 128 1*000000000000000000000000000000000000000000000000000000000000000000000000000000000000000000000000000000000000000000000000000
 127 1*000000000000000000000000000000000000000000000000000000000000000000000000000000000000000000000000000000000000000000000000000
 126 1*000000000000000000000000000000000000000000000000000000000000000000000000000000000000000000000000000000000000000000000000000
 125 1*000000000000000000000000000000000000000000000000000000000000000000000000000000000000000000000000000000000000000000000000000
 124 1*000000000000000000000000000000000000000000000000000000000000000000000000000000000000000000000000000000000000000000000000000
 123 1*000000000000000000000000000000000000000000000000000000000000000000000000000000000000000000000000000000000000000000000000000
 122 1*000000000000000000000000000000000000000000000000000000000000000000000000000000000000000000000000000000000000000000000000000
 121 1*000000000000000000000000000000000000000000000000000000000000000000000000000000000000000000000000000000000000000000000000000
 120 1*000000000000000000000000000000000000000000000000000000000000000000000000000000000000000000000000000000000000000000000000000
 119 1*000000000000000000000000000000000000000000000000000000000000000000000000000000000000000000000000000000000000000000000000000
 118 1*000000000000000000000000000000000000000000000000000000000000000000000000000000000000000000000000000000000000000000000000000
 117 1*000000000000000000000000000000000000000000000000000000000000000000000000000000000000000000000000000000000000000000000000000
 116 1*000000000000000000000000000000000000000000000000000000000000000000000000000000000000000000000000000000000000000000000000000
 115 1*000000000000000000000000000000000000000000000000000000000000000000000000000000000000000000000000000000000000000000000000000
 114 1*000000000000000000000000000000000000000000000000000000000000000000000000000000000000000000000000000000000000000000000000000
 113 1*000000000000000000000000000000000000000000000000000000000000000000000000000000000000000000000000000000000000000000000000000
 112 1*000000000000000000000000000000000000000000000000000000000000000000000000000000000000000000000000000000000000000000000000000
 111 1*000000000000000000000000000000000000000000000000000000000000000000000000000000000000000000000000000000000000000000000000000
 110 1*000000000000000000000000000000000000000000000000000000000000000000000000000000000000000000000000000000000000000000000000000
 109 1*000000000000000000000000000000000000000000000000000000000000000000000000000000000000000000000000000000000000000000000000000
 108 1*000000000000000000000000000000000000000000000000000000000000000000000000000000000000000000000000000000000000000000000000000
 107 1*000000000000000000000000000000000000000000000000000000000000000000000000000000000000000000000000000000000000000000000000000
 106 1*000000000000000000000000000000000000000000000000000000000000000000000000000000000000000000000000000000000000000000000000000
 105 1*000000000000000000000000000000000000000000000000000000000000000000000000000000000000000000000000000000000000000000000000000
 104 1*000000000000000000000000000000000000000000000000000000000000000000000000000000000000000000000000000000000000000000000000000
 103 1*000000000000000000000000000000000000000000000000000000000000000000000000000000000000000000000000000000000000000000000000000
 102 1*000000000000000000000000000000000000000000000000000000000000000000000000000000000000000000000000000000000000000000000000000
 101 1*000000000000000000000000000000000000000000000000000000000000000000000000000000000000000000000000000000000000000000000000000
 100 1*000000000000000000000000000000000000000000000000000000000000000000000000000000000000000000000000000000000000000000000000000
  99 1*000000000000000000000000000000000000000000000000000000000000000000000000000000000000000000000000000000000000000000000000000
  98 1*000000000000000000000000000000000000000000000000000000000000000000000000000000000000000000000000000000000000000000000000000
  97 1*000000000000000000000000000000000000000000000000000000000000000000000000000000000000000000000000000000000000000000000000000
  96 1*000000000000000000000000000000000000000000000000000000000000000000000000000000000000000000000000000000000000000000000000000
  95 1*000000000000000000000000000000000000000000000000000000000000000000000000000000000000000000000000000000000000000000000000000
  94 1*000000000000000000000000000000000000000000000000000000000000000000000000000000000000000000000000000000000000000000000000000
  93 1*000000000000000000000000000000000000000000000000000000000000000000000000000000000000000000000000000000000000000000000000000
  92 1*000000000000000000000000000000000000000000000000000000000000000000000000000000000000000000000000000000000000000000000000000
  91 1*000000000000000000000000000000000000000000000000000000000000000000000000000000000000000000000000000000000000000000000000000
  90 1*000000000000000000000000000000000000000000000000000000000000000000000000000000000000000000000000000000000000000000000000000
  89 1*000000000000000000000000000000000000000000000000000000000000000000000000000000000000000000000000000000000000000000000000000
  88 1*000000000000000000000000000000000000000000000000000000000000000000000000000000000000000000000000000000000000000000000000000
  87 1*000000000000000000000000000000000000000000000000000000000000000000000000000000000000000000000000000000000000000000000000000
  86 1*000000000000000000000000000000000000000000000000000000000000000000000000000000000000000000000000000000000000000000000000000
  85 1*000000000000000000000000000000000000000000000000000000000000000000000000000000000000000000000000000000000000000000000000000
  84 1*000000000000000000000000000000000000000000000000000000000000000000000000000000000000000000000000000000000000000000000000000
  83 1*000000000000000000000000000000000000000000000000000000000000000000000000000000000000000000000000000000000000000000000000000
  82 1*000000000000000000000000000000000000000000000000000000000000000000000000000000000000000000000000000000000000000000000000000
  81 1*000000000000000000000000000000000000000000000000000000000000000000000000000000000000000000000000000000000000000000000000000
  80 1*000000000000000000000000000000000000000000000000000000000000000000000000000000000000000000000000000000000000000000000000000
  79 1*000000000000000000000000000000000000000000000000000000000000000000000000000000000000000000000000000000000000000000000000000
  78 1*000000000000000000000000000000000000000000000000000000000000000000000000000000000000000000000000000000000000000000000000000
  77 1*000000000000000000000000000000000000000000000000000000000000000000000000000000000000000000000000000000000000000000000000000
  76 1*000000000000000000000000000000000000000000000000000000000000000000000000000000000000000000000000000000000000000000000000000
  75 1*000000000000000000000000000000000000000000000000000000000000000000000000000000000000000000000000000000000000000000000000000
  74 1*000000000000000000000000000000000000000000000000000000000000000000000000000000000000000000000000000000000000000000000000000
  73 1*000000000000000000000000000000000000000000000000000000000000000000000000000000000000000000000000000000000000000000000000000
  72 1*000000000000000000000000000000000000000000000000000000000000000000000000000000000000000000000000000000000000000000000000000
  71 1*000000000000000000000000000000000000000000000000000000000000000000000000000000000000000000000000000000000000000000000000000
  70 1*000000000000000000000000000000000000000000000000000000000000000000000000000000000000000000000000000000000000000000000000000
  69 1*000000000000000000000000000000000000000000000000000000000000000000000000000000000000000000000000000000000000000000000000000
  68 1*000000000000000000000000000000000000000000000000000000000000000000000000000000000000000000000000000000000000000000000000000
  67 1*000000000000000000000000000000000000000000000000000000000000000000000000000000000000000000000000000000000000000000000000000
  66 1*000000000000000000000000000000000000000000000000000000000000000000000000000000000000000000000000000000000000000000000000000
  65 1*000000000000000000000000000000000000000000000000000000000000000000000000000000000000000000000000000000000000000000000000000
  64 1*000000000000000000000000000000000000000000000000000000000000000000000000000000000000000000000000000000000000000000000000000
  63 1*000000000000000000000000000000000000000000000000000000000000000000000000000000000000000000000000000000000000000000000000000
  62 1*000000000000000000000000000000000000000000000000000000000000000000000000000000000000000000000000000000000000000000000000000
  61 1*000000000000000000000000000000000000000000000000000000000000000000000000000000000000000000000000000000000000000000000000000
  60 1*000000000000000000000000000000000000000000000000000000000000000000000000000000000000000000000000000000000000000000000000000
  59 1*000000000000000000000000000000000000000000000000000000000000000000000000000000000000000000000000000000000000000000000000000
  58 1*000000000000000000000000000000000000000000000000000000000000000000000000000000000000000000000000000000000000000000000000000
  57 1*000000000000000000000000000000000000000000000000000000000000000000000000000000000000000000000000000000000000000000000000000
  56 1*000000000000000000000000000000000000000000000000000000000000000000000000000000000000000000000000000000000000000000000000000
  55 1*000000000000000000000000000000000000000000000000000000000000000000000000000000000000000000000000000000000000000000000000000
  54 1*000000000000000000000000000000000000000000000000000000000000000000000000000000000000000000000000000000000000000000000000000
  53 1*000000000000000000000000000000000000000000000000000000000000000000000000000000000000000000000000000000000000000000000000000
  52 1*000000000000000000000000000000000000000000000000000000000000000000000000000000000000000000000000000000000000000000000000000
  51 1*000000000000000000000000000000000000000000000000000000000000000000000000000000000000000000000000000000000000000000000000000
  50 1*000000000000000000000000000000000000000000000000000000000000000000000000000000000000000000000000000000000000000000000000000
  49 1*000000000000000000000000000000000000000000000000000000000000000000000000000000000000000000000000000000000000000000000000000
  48 1*000000000000000000000000000000000000000000000000000000000000000000000000000000000000000000000000000000000000000000000000000
  47 1*000000000000000000000000000000000000000000000000000000000000000000000000000000000000000000000000000000000000000000000000000
  46 1*000000000000000000000000000000000000000000000000000000000000000000000000000000000000000000000000000000000000000000000000000
  45 1*000000000000000000000000000000000000000000000000000000000000000000000000000000000000000000000000000000000000000000000000000
  44 1*000000000000000000000000000000000000000000000000000000000000000000000000000000000000000000000000000000000000000000000000000
  43 1*000000000000000000000000000000000000000000000000000000000000000000000000000000000000000000000000000000000000000000000000000
  42 1*000000000000000000000000000000000000000000000000000000000000000000000000000000000000000000000000000000000000000000000000000
  41 1*000000000000000000000000000000000000000000000000000000000000000000000000000000000000000000000000000000000000000000000000000
  40 1*000000000000000000000000000000000000000000000000000000000000000000000000000000000000000000000000000000000000000000000000000
  39 1*000000000000000000000000000000000000000000000000000000000000000000000000000000000000000000000000000000000000000000000000000
  38 1*000000000000000000000000000000000000000000000000000000000000000000000000000000000000000000000000000000000000000000000000000
  37 1*000000000000000000000000000000000000000000000000000000000000000000000000000000000000000000000000000000000000000000000000000
  36 1*000000000000000000000000000000000000000000000000000000000000000000000000000000000000000000000000000000000000000000000000000
  35 1*000000000000000000000000000000000000000000000000000000000000000000000000000000000000000000000000000000000000000000000000000
  34 1*000000000000000000000000000000000000000000000000000000000000000000000000000000000000000000000000000000000000000000000000000
  33 1*000000000000000000000000000000000000000000000000000000000000000000000000000000000000000000000000000000000000000000000000000
  32 1*000000000000000000000000000000000000000000000000000000000000000000000000000000000000000000000000000000000000000000000000000
  31 1*000000000000000000000000000000000000000000000000000000000000000000000000000000000000000000000000000000000000000000000000000
  30 1*000000000000000000000000000000000000000000000000000000000000000000000000000000000000000000000000000000000000000000000000000
  29 1*000000000000000000000000000000000000000000000000000000000000000000000000000000000000000000000000000000000000000000000000000
  28 1*000000000000000000000000000000000000000000000000000000000000000000000000000000000000000000000000000000000000000000000000000
  27 1*000000000000000000000000000000000000000000000000000000000000000000000000000000000000000000000000000000000000000000000000000
  26 1*000000000000000000000000000000000000000000000000000000000000000000000000000000000000000000000000000000000000000000000000000
  25 1*000000000000000000000000000000000000000000000000000000000000000000000000000000000000000000000000000000000000000000000000000
  24 1*000000000000000000000000000000000000000000000000000000000000000000000000000000000000000000000000000000000000000000000000000
  23 1*000000000000000000000000000000000000000000000000000000000000000000000000000000000000000000000000000000000000000000000000000
  22 1*000000000000000000000000000000000000000000000000000000000000000000000000000000000000000000000000000000000000000000000000000
  21 1*000000000000000000000000000000000000000000000000000000000000000000000000000000000000000000000000000000000000000000000000000
  20 1*000000000000000000000000000000000000000000000000000000000000000000000000000000000000000000000000000000000000000000000000000
  19 1*000000000000000000000000000000000000000000000000000000000000000000000000000000000000000000000000000000000000000000000000000
  18 1*000000000000000000000000000000000000000000000000000000000000000000000000000000000000000000000000000000000000000000000000000
  17 1*000000000000000000000000000000000000000000000000000000000000000000000000000000000000000000000000000000000000000000000000000
  16 1*000000000000000000000000000000000000000000000000000000000000000000000000000000000000000000000000000000000000000000000000000
  15 1*000000000000000000000000000000000000000000000000000000000000000000000000000000000000000000000000000000000000000000000000000
  14 1*000000000000000000000000000000000000000000000000000000000000000000000000000000000000000000000000000000000000000000000000000
  13 1*000000000000000000000000000000000000000000000000000000000000000000000000000000000000000000000000000000000000000000000000000
  12 1*000000000000000000000000000000000000000000000000000000000000000000000000000000000000000000000000000000000000000000000000000
  11 1*000000000000000000000000000000000000000000000000000000000000000000000000000000000000000000000000000000000000000000000000000
  10 1*000000000000000000000000000000000000000000000000000000000000000000000000000000000000000000000000000000000000000000000000000
   9 1*000000000000000000000000000000000000000000000000000000000000000000000000000000000000000000000000000000000000000000000000000
   8 1*000000000000000000000000000000000000000000000000000000000000000000000000000000000000000000000000000000000000000000000000000
   7 1*000000000000000000000000000000000000000000000000000000000000000000000000000000000000000000000000000000000000000000000000000
   6 1*000000000000000000000000000000000000000000000000000000000000000000000000000000000000000000000000000000000000000000000000000
   5 1*000000000000000000000000000000000000000000000000000000000000000000000000000000000000000000000000000000000000000000000000000
   4 1*000000000000000000000000000000000000000000000000000000000000000000000000000000000000000000000000000000000000000000000000000
   3 1*000000000000000000000000000000000000000000000000000000000000000000000000000000000000000000000000000000000000000000000000000
   2 1****************************************************************************************************************************
   1 11111111111111111111111111111111111111111111111111111111111111111111111111111111111111111111111111111111111111111111111111111
         5   10   15   20   25   30   35   40   45   50   55   60   65   70   75   80   85   90   95  100  105  110  115  120  125
  
       130  135  140  145  150  155  160  165  170  175  180  185  190  195  200  205  210  215  220  225  230  235  240  245  250
 402 11111111111111111111111111111111111111111111111111111111111111111111111111111111111111111111111111111111111111111111111111111
 401 *****************************************************************************************************************************
 400 00000000000000000000000000000000000000000000000000000000000000000000000000000000000000000000000000000000000000000000000000000
 399 00000000000000000000000000000000000000000000000000000000000000000000000000000000000000000000000000000000000000000000000000000
 398 00000000000000000000000000000000000000000000000000000000000000000000000000000000000000000000000000000000000000000000000000000
 397 00000000000000000000000000000000000000000000000000000000000000000000000000000000000000000000000000000000000000000000000000000
 396 00000000000000000000000000000000000000000000000000000000000000000000000000000000000000000000000000000000000000000000000000000
 395 00000000000000000000000000000000000000000000000000000000000000000000000000000000000000000000000000000000000000000000000000000
 394 00000000000000000000000000000000000000000000000000000000000000000000000000000000000000000000000000000000000000000000000000000
 393 00000000000000000000000000000000000000000000000000000000000000000000000000000000000000000000000000000000000000000000000000000
 392 00000000000000000000000000000000000000000000000000000000000000000000000000000000000000000000000000000000000000000000000000000
 391 00000000000000000000000000000000000000000000000000000000000000000000000000000000000000000000000000000000000000000000000000000
 390 00000000000000000000000000000000000000000000000000000000000000000000000000000000000000000000000000000000000000000000000000000
 389 00000000000000000000000000000000000000000000000000000000000000000000000000000000000000000000000000000000000000000000000000000
 388 00000000000000000000000000000000000000000000000000000000000000000000000000000000000000000000000000000000000000000000000000000
 387 00000000000000000000000000000000000000000000000000000000000000000000000000000000000000000000000000000000000000000000000000000
 386 00000000000000000000000000000000000000000000000000000000000000000000000000000000000000000000000000000000000000000000000000000
 385 00000000000000000000000000000000000000000000000000000000000000000000000000000000000000000000000000000000000000000000000000000
 384 00000000000000000000000000000000000000000000000000000000000000000000000000000000000000000000000000000000000000000000000000000
 383 00000000000000000000000000000000000000000000000000000000000000000000000000000000000000000000000000000000000000000000000000000
 382 00000000000000000000000000000000000000000000000000000000000000000000000000000000000000000000000000000000000000000000000000000
 381 00000000000000000000000000000000000000000000000000000000000000000000000000000000000000000000000000000000000000000000000000000
 380 00000000000000000000000000000000000000000000000000000000000000000000000000000000000000000000000000000000000000000000000000000
 379 00000000000000000000000000000000000000000000000000000000000000000000000000000000000000000000000000000000000000000000000000000
 378 00000000000000000000000000000000000000000000000000000000000000000000000000000000000000000000000000000000000000000000000000000
 377 00000000000000000000000000000000000000000000000000000000000000000000000000000000000000000000000000000000000000000000000000000
 376 00000000000000000000000000000000000000000000000000000000000000000000000000000000000000000000000000000000000000000000000000000
 375 00000000000000000000000000000000000000000000000000000000000000000000000000000000000000000000000000000000000000000000000000000
 374 00000000000000000000000000000000000000000000000000000000000000000000000000000000000000000000000000000000000000000000000000000
 373 00000000000000000000000000000000000000000000000000000000000000000000000000000000000000000000000000000000000000000000000000000
 372 00000000000000000000000000000000000000000000000000000000000000000000000000000000000000000000000000000000000000000000000000000
 371 00000000000000000000000000000000000000000000000000000000000000000000000000000000000000000000000000000000000000000000000000000
 370 00000000000000000000000000000000000000000000000000000000000000000000000000000000000000000000000000000000000000000000000000000
 369 00000000000000000000000000000000000000000000000000000000000000000000000000000000000000000000000000000000000000000000000000000
 368 00000000000000000000000000000000000000000000000000000000000000000000000000000000000000000000000000000000000000000000000000000
 367 00000000000000000000000000000000000000000000000000000000000000000000000000000000000000000000000000000000000000000000000000000
 366 00000000000000000000000000000000000000000000000000000000000000000000000000000000000000000000000000000000000000000000000000000
 365 00000000000000000000000000000000000000000000000000000000000000000000000000000000000000000000000000000000000000000000000000000
 364 00000000000000000000000000000000000000000000000000000000000000000000000000000000000000000000000000000000000000000000000000000
 363 00000000000000000000000000000000000000000000000000000000000000000000000000000000000000000000000000000000000000000000000000000
 362 00000000000000000000000000000000000000000000000000000000000000000000000000000000000000000000000000000000000000000000000000000
 361 00000000000000000000000000000000000000000000000000000000000000000000000000000000000000000000000000000000000000000000000000000
 360 00000000000000000000000000000000000000000000000000000000000000000000000000000000000000000000000000000000000000000000000000000
 359 00000000000000000000000000000000000000000000000000000000000000000000000000000000000000000000000000000000000000000000000000000
 358 00000000000000000000000000000000000000000000000000000000000000000000000000000000000000000000000000000000000000000000000000000
 357 00000000000000000000000000000000000000000000000000000000000000000000000000000000000000000000000000000000000000000000000000000
 356 00000000000000000000000000000000000000000000000000000000000000000000000000000000000000000000000000000000000000000000000000000
 355 00000000000000000000000000000000000000000000000000000000000000000000000000000000000000000000000000000000000000000000000000000
 354 00000000000000000000000000000000000000000000000000000000000000000000000000000000000000000000000000000000000000000000000000000
 353 00000000000000000000000000000000000000000000000000000000000000000000000000000000000000000000000000000000000000000000000000000
 352 00000000000000000000000000000000000000000000000000000000000000000000000000000000000000000000000000000000000000000000000000000
 351 00000000000000000000000000000000000000000000000000000000000000000000000000000000000000000000000000000000000000000000000000000
 350 00000000000000000000000000000000000000000000000000000000000000000000000000000000000000000000000000000000000000000000000000000
 349 00000000000000000000000000000000000000000000000000000000000000000000000000000000000000000000000000000000000000000000000000000
 348 00000000000000000000000000000000000000000000000000000000000000000000000000000000000000000000000000000000000000000000000000000
 347 00000000000000000000000000000000000000000000000000000000000000000000000000000000000000000000000000000000000000000000000000000
 346 00000000000000000000000000000000000000000000000000000000000000000000000000000000000000000000000000000000000000000000000000000
 345 00000000000000000000000000000000000000000000000000000000000000000000000000000000000000000000000000000000000000000000000000000
 344 00000000000000000000000000000000000000000000000000000000000000000000000000000000000000000000000000000000000000000000000000000
 343 00000000000000000000000000000000000000000000000000000000000000000000000000000000000000000000000000000000000000000000000000000
 342 00000000000000000000000000000000000000000000000000000000000000000000000000000000000000000000000000000000000000000000000000000
 341 00000000000000000000000000000000000000000000000000000000000000000000000000000000000000000000000000000000000000000000000000000
 340 00000000000000000000000000000000000000000000000000000000000000000000000000000000000000000000000000000000000000000000000000000
 339 00000000000000000000000000000000000000000000000000000000000000000000000000000000000000000000000000000000000000000000000000000
 338 00000000000000000000000000000000000000000000000000000000000000000000000000000000000000000000000000000000000000000000000000000
 337 00000000000000000000000000000000000000000000000000000000000000000000000000000000000000000000000000000000000000000000000000000
 336 00000000000000000000000000000000000000000000000000000000000000000000000000000000000000000000000000000000000000000000000000000
 335 00000000000000000000000000000000000000000000000000000000000000000000000000000000000000000000000000000000000000000000000000000
 334 00000000000000000000000000000000000000000000000000000000000000000000000000000000000000000000000000000000000000000000000000000
 333 00000000000000000000000000000000000000000000000000000000000000000000000000000000000000000000000000000000000000000000000000000
 332 00000000000000000000000000000000000000000000000000000000000000000000000000000000000000000000000000000000000000000000000000000
 331 00000000000000000000000000000000000000000000000000000000000000000000000000000000000000000000000000000000000000000000000000000
 330 00000000000000000000000000000000000000000000000000000000000000000000000000000000000000000000000000000000000000000000000000000
 329 00000000000000000000000000000000000000000000000000000000000000000000000000000000000000000000000000000000000000000000000000000
 328 00000000000000000000000000000000000000000000000000000000000000000000000000000000000000000000000000000000000000000000000000000
 327 00000000000000000000000000000000000000000000000000000000000000000000000000000000000000000000000000000000000000000000000000000
 326 00000000000000000000000000000000000000000000000000000000000000000000000000000000000000000000000000000000000000000000000000000
 325 00000000000000000000000000000000000000000000000000000000000000000000000000000000000000000000000000000000000000000000000000000
 324 00000000000000000000000000000000000000000000000000000000000000000000000000000000000000000000000000000000000000000000000000000
 323 00000000000000000000000000000000000000000000000000000000000000000000000000000000000000000000000000000000000000000000000000000
 322 00000000000000000000000000000000000000000000000000000000000000000000000000000000000000000000000000000000000000000000000000000
 321 00000000000000000000000000000000000000000000000000000000000000000000000000000000000000000000000000000000000000000000000000000
 320 00000000000000000000000000000000000000000000000000000000000000000000000000000000000000000000000000000000000000000000000000000
 319 00000000000000000000000000000000000000000000000000000000000000000000000000000000000000000000000000000000000000000000000000000
 318 00000000000000000000000000000000000000000000000000000000000000000000000000000000000000000000000000000000000000000000000000000
 317 00000000000000000000000000000000000000000000000000000000000000000000000000000000000000000000000000000000000000000000000000000
 316 00000000000000000000000000000000000000000000000000000000000000000000000000000000000000000000000000000000000000000000000000000
 315 00000000000000000000000000000000000000000000000000000000000000000000000000000000000000000000000000000000000000000000000000000
 314 00000000000000000000000000000000000000000000000000000000000000000000000000000000000000000000000000000000000000000000000000000
 313 00000000000000000000000000000000000000000000000000000000000000000000000000000000000000000000000000000000000000000000000000000
 312 00000000000000000000000000000000000000000000000000000000000000000000000000000000000000000000000000000000000000000000000000000
 311 00000000000000000000000000000000000000000000000000000000000000000000000000000000000000000000000000000000000000000000000000000
 310 00000000000000000000000000000000000000000000000000000000000000000000000000000000000000000000000000000000000000000000000000000
 309 00000000000000000000000000000000000000000000000000000000000000000000000000000000000000000000000000000000000000000000000000000
 308 00000000000000000000000000000000000000000000000000000000000000000000000000000000000000000000000000000000000000000000000000000
 307 00000000000000000000000000000000000000000000000000000000000000000000000000000000000000000000000000000000000000000000000000000
 306 00000000000000000000000000000000000000000000000000000000000000000000000000000000000000000000000000000000000000000000000000000
 305 00000000000000000000000000000000000000000000000000000000000000000000000000000000000000000000000000000000000000000000000000000
 304 00000000000000000000000000000000000000000000000000000000000000000000000000000000000000000000000000000000000000000000000000000
 303 00000000000000000000000000000000000000000000000000000000000000000000000000000000000000000000000000000000000000000000000000000
 302 00000000000000000000000000000000000000000000000000000000000000000000000000000000000000000000000000000000000000000000000000000
 301 00000000000000000000000000000000000000000000000000000000000000000000000000000000000000000000000000000000000000000000000000000
 300 00000000000000000000000000000000000000000000000000000000000000000000000000000000000000000000000000000000000000000000000000000
 299 00000000000000000000000000000000000000000000000000000000000000000000000000000000000000000000000000000000000000000000000000000
 298 00000000000000000000000000000000000000000000000000000000000000000000000000000000000000000000000000000000000000000000000000000
 297 00000000000000000000000000000000000000000000000000000000000000000000000000000000000000000000000000000000000000000000000000000
 296 00000000000000000000000000000000000000000000000000000000000000000000000000000000000000000000000000000000000000000000000000000
 295 00000000000000000000000000000000000000000000000000000000000000000000000000000000000000000000000000000000000000000000000000000
 294 00000000000000000000000000000000000000000000000000000000000000000000000000000000000000000000000000000000000000000000000000000
 293 00000000000000000000000000000000000000000000000000000000000000000000000000000000000000000000000000000000000000000000000000000
 292 00000000000000000000000000000000000000000000000000000000000000000000000000000000000000000000000000000000000000000000000000000
 291 00000000000000000000000000000000000000000000000000000000000000000000000000000000000000000000000000000000000000000000000000000
 290 00000000000000000000000000000000000000000000000000000000000000000000000000000000000000000000000000000000000000000000000000000
 289 00000000000000000000000000000000000000000000000000000000000000000000000000000000000000000000000000000000000000000000000000000
 288 00000000000000000000000000000000000000000000000000000000000000000000000000000000000000000000000000000000000000000000000000000
 287 00000000000000000000000000000000000000000000000000000000000000000000000000000000000000000000000000000000000000000000000000000
 286 00000000000000000000000000000000000000000000000000000000000000000000000000000000000000000000000000000000000000000000000000000
 285 00000000000000000000000000000000000000000000000000000000000000000000000000000000000000000000000000000000000000000000000000000
 284 00000000000000000000000000000000000000000000000000000000000000000000000000000000000000000000000000000000000000000000000000000
 283 00000000000000000000000000000000000000000000000000000000000000000000000000000000000000000000000000000000000000000000000000000
 282 00000000000000000000000000000000000000000000000000000000000000000000000000000000000000000000000000000000000000000000000000000
 281 00000000000000000000000000000000000000000000000000000000000000000000000000000000000000000000000000000000000000000000000000000
 280 00000000000000000000000000000000000000000000000000000000000000000000000000000000000000000000000000000000000000000000000000000
 279 00000000000000000000000000000000000000000000000000000000000000000000000000000000000000000000000000000000000000000000000000000
 278 00000000000000000000000000000000000000000000000000000000000000000000000000000000000000000000000000000000000000000000000000000
 277 00000000000000000000000000000000000000000000000000000000000000000000000000000000000000000000000000000000000000000000000000000
 276 00000000000000000000000000000000000000000000000000000000000000000000000000000000000000000000000000000000000000000000000000000
 275 00000000000000000000000000000000000000000000000000000000000000000000000000000000000000000000000000000000000000000000000000000
 274 00000000000000000000000000000000000000000000000000000000000000000000000000000000000000000000000000000000000000000000000000000
 273 00000000000000000000000000000000000000000000000000000000000000000000000000000000000000000000000000000000000000000000000000000
 272 00000000000000000000000000000000000000000000000000000000000000000000000000000000000000000000000000000000000000000000000000000
 271 00000000000000000000000000000000000000000000000000000000000000000000000000000000000000000000000000000000000000000000000000000
 270 00000000000000000000000000000000000000000000000000000000000000000000000000000000000000000000000000000000000000000000000000000
 269 00000000000000000000000000000000000000000000000000000000000000000000000000000000000000000000000000000000000000000000000000000
 268 00000000000000000000000000000000000000000000000000000000000000000000000000000000000000000000000000000000000000000000000000000
 267 00000000000000000000000000000000000000000000000000000000000000000000000000000000000000000000000000000000000000000000000000000
 266 00000000000000000000000000000000000000000000000000000000000000000000000000000000000000000000000000000000000000000000000000000
 265 00000000000000000000000000000000000000000000000000000000000000000000000000000000000000000000000000000000000000000000000000000
 264 00000000000000000000000000000000000000000000000000000000000000000000000000000000000000000000000000000000000000000000000000000
 263 00000000000000000000000000000000000000000000000000000000000000000000000000000000000000000000000000000000000000000000000000000
 262 00000000000000000000000000000000000000000000000000000000000000000000000000000000000000000000000000000000000000000000000000000
 261 00000000000000000000000000000000000000000000000000000000000000000000000000000000000000000000000000000000000000000000000000000
 260 00000000000000000000000000000000000000000000000000000000000000000000000000000000000000000000000000000000000000000000000000000
 259 00000000000000000000000000000000000000000000000000000000000000000000000000000000000000000000000000000000000000000000000000000
 258 00000000000000000000000000000000000000000000000000000000000000000000000000000000000000000000000000000000000000000000000000000
 257 00000000000000000000000000000000000000000000000000000000000000000000000000000000000000000000000000000000000000000000000000000
 256 00000000000000000000000000000000000000000000000000000000000000000000000000000000000000000000000000000000000000000000000000000
 255 00000000000000000000000000000000000000000000000000000000000000000000000000000000000000000000000000000000000000000000000000000
 254 00000000000000000000000000000000000000000000000000000000000000000000000000000000000000000000000000000000000000000000000000000
 253 00000000000000000000000000000000000000000000000000000000000000000000000000000000000000000000000000000000000000000000000000000
 252 00000000000000000000000000000000000000000000000000000000000000000000000000000000000000000000000000000000000000000000000000000
 251 00000000000000000000000000000000000000000000000000000000000000000000000000000000000000000000000000000000000000000000000000000
 250 00000000000000000000000000000000000000000000000000000000000000000000000000000000000000000000000000000000000000000000000000000
 249 00000000000000000000000000000000000000000000000000000000000000000000000000000000000000000000000000000000000000000000000000000
 248 00000000000000000000000000000000000000000000000000000000000000000000000000000000000000000000000000000000000000000000000000000
 247 00000000000000000000000000000000000000000000000000000000000000000000000000000000000000000000000000000000000000000000000000000
 246 00000000000000000000000000000000000000000000000000000000000000000000000000000000000000000000000000000000000000000000000000000
 245 00000000000000000000000000000000000000000000000000000000000000000000000000000000000000000000000000000000000000000000000000000
 244 00000000000000000000000000000000000000000000000000000000000000000000000000000000000000000000000000000000000000000000000000000
 243 00000000000000000000000000000000000000000000000000000000000000000000000000000000000000000000000000000000000000000000000000000
 242 00000000000000000000000000000000000000000000000000000000000000000000000000000000000000000000000000000000000000000000000000000
 241 00000000000000000000000000000000000000000000000000000000000000000000000000000000000000000000000000000000000000000000000000000
 240 00000000000000000000000000000000000000000000000000000000000000000000000000000000000000000000000000000000000000000000000000000
 239 00000000000000000000000000000000000000000000000000000000000000000000000000000000000000000000000000000000000000000000000000000
 238 00000000000000000000000000000000000000000000000000000000000000000000000000000000000000000000000000000000000000000000000000000
 237 00000000000000000000000000000000000000000000000000000000000000000000000000000000000000000000000000000000000000000000000000000
 236 00000000000000000000000000000000000000000000000000000000000000000000000000000000000000000000000000000000000000000000000000000
 235 00000000000000000000000000000000000000000000000000000000000000000000000000000000000000000000000000000000000000000000000000000
 234 00000000000000000000000000000000000000000000000000000000000000000000000000000000000000000000000000000000000000000000000000000
 233 00000000000000000000000000000000000000000000000000000000000000000000000000000000000000000000000000000000000000000000000000000
 232 00000000000000000000000000000000000000000000000000000000000000000000000000000000000000000000000000000000000000000000000000000
 231 00000000000000000000000000000000000000000000000000000000000000000000000000000000000000000000000000000000000000000000000000000
 230 00000000000000000000000000000000000000000000000000000000000000000000000000000000000000000000000000000000000000000000000000000
 229 00000000000000000000000000000000000000000000000000000000000000000000000000000000000000000000000000000000000000000000000000000
 228 00000000000000000000000000000000000000000000000000000000000000000000000000000000000000000000000000000000000000000000000000000
 227 00000000000000000000000000000000000000000000000000000000000000000000000000000000000000000000000000000000000000000000000000000
 226 00000000000000000000000000000000000000000000000000000000000000000000000000000000000000000000000000000000000000000000000000000
 225 00000000000000000000000000000000000000000000000000000000000000000000000000000000000000000000000000000000000000000000000000000
 224 00000000000000000000000000000000000000000000000000000000000000000000000000000000000000000000000000000000000000000000000000000
 223 00000000000000000000000000000000000000000000000000000000000000000000000000000000000000000000000000000000000000000000000000000
 222 00000000000000000000000000000000000000000000000000000000000000000000000000000000000000000000000000000000000000000000000000000
 221 00000000000000000000000000000000000000000000000000000000000000000000000000000000000000000000000000000000000000000000000000000
 220 00000000000000000000000000000000000000000000000000000000000000000000000000000000000000000000000000000000000000000000000000000
 219 00000000000000000000000000000000000000000000000000000000000000000000000000000000000000000000000000000000000000000000000000000
 218 00000000000000000000000000000000000000000000000000000000000000000000000000000000000000000000000000000000000000000000000000000
 217 00000000000000000000000000000000000000000000000000000000000000000000000000000000000000000000000000000000000000000000000000000
 216 00000000000000000000000000000000000000000000000000000000000000000000000000000000000000000000000000000000000000000000000000000
 215 00000000000000000000000000000000000000000000000000000000000000000000000000000000000000000000000000000000000000000000000000000
 214 00000000000000000000000000000000000000000000000000000000000000000000000000000000000000000000000000000000000000000000000000000
 213 00000000000000000000000000000000000000000000000000000000000000000000000000000000000000000000000000000000000000000000000000000
 212 00000000000000000000000000000000000000000000000000000000000000000000000000000000000000000000000000000000000000000000000000000
 211 00000000000000000000000000000000000000000000000000000000000000000000000000000000000000000000000000000000000000000000000000000
 210 00000000000000000000000000000000000000000000000000000000000000000000000000000000000000000000000000000000000000000000000000000
 209 00000000000000000000000000000000000000000000000000000000000000000000000000000000000000000000000000000000000000000000000000000
 208 00000000000000000000000000000000000000000000000000000000000000000000000000000000000000000000000000000000000000000000000000000
 207 00000000000000000000000000000000000000000000000000000000000000000000000000000000000000000000000000000000000000000000000000000
 206 00000000000000000000000000000000000000000000000000000000000000000000000000000000000000000000000000000000000000000000000000000
 205 00000000000000000000000000000000000000000000000000000000000000000000000000000000000000000000000000000000000000000000000000000
 204 00000000000000000000000000000000000000000000000000000000000000000000000000000000000000000000000000000000000000000000000000000
 203 00000000000000000000000000000000000000000000000000000000000000000000000000000000000000000000000000000000000000000000000000000
 202 00000000000000000000000000000000000000000000000000000000000000000000000000000000000000000000000000000000000000000000000000000
 201 00000000000000000000000000000000000000000000000000000000000000000000000000000000000000000000000000000000000000000000000000000
 200 00000000000000000000000000000000000000000000000000000000000000000000000000000000000000000000000000000000000000000000000000000
 199 00000000000000000000000000000000000000000000000000000000000000000000000000000000000000000000000000000000000000000000000000000
 198 00000000000000000000000000000000000000000000000000000000000000000000000000000000000000000000000000000000000000000000000000000
 197 00000000000000000000000000000000000000000000000000000000000000000000000000000000000000000000000000000000000000000000000000000
 196 00000000000000000000000000000000000000000000000000000000000000000000000000000000000000000000000000000000000000000000000000000
 195 00000000000000000000000000000000000000000000000000000000000000000000000000000000000000000000000000000000000000000000000000000
 194 00000000000000000000000000000000000000000000000000000000000000000000000000000000000000000000000000000000000000000000000000000
 193 00000000000000000000000000000000000000000000000000000000000000000000000000000000000000000000000000000000000000000000000000000
 192 00000000000000000000000000000000000000000000000000000000000000000000000000000000000000000000000000000000000000000000000000000
 191 00000000000000000000000000000000000000000000000000000000000000000000000000000000000000000000000000000000000000000000000000000
 190 00000000000000000000000000000000000000000000000000000000000000000000000000000000000000000000000000000000000000000000000000000
 189 00000000000000000000000000000000000000000000000000000000000000000000000000000000000000000000000000000000000000000000000000000
 188 00000000000000000000000000000000000000000000000000000000000000000000000000000000000000000000000000000000000000000000000000000
 187 00000000000000000000000000000000000000000000000000000000000000000000000000000000000000000000000000000000000000000000000000000
 186 00000000000000000000000000000000000000000000000000000000000000000000000000000000000000000000000000000000000000000000000000000
 185 00000000000000000000000000000000000000000000000000000000000000000000000000000000000000000000000000000000000000000000000000000
 184 00000000000000000000000000000000000000000000000000000000000000000000000000000000000000000000000000000000000000000000000000000
 183 00000000000000000000000000000000000000000000000000000000000000000000000000000000000000000000000000000000000000000000000000000
 182 00000000000000000000000000000000000000000000000000000000000000000000000000000000000000000000000000000000000000000000000000000
 181 00000000000000000000000000000000000000000000000000000000000000000000000000000000000000000000000000000000000000000000000000000
 180 00000000000000000000000000000000000000000000000000000000000000000000000000000000000000000000000000000000000000000000000000000
 179 00000000000000000000000000000000000000000000000000000000000000000000000000000000000000000000000000000000000000000000000000000
 178 00000000000000000000000000000000000000000000000000000000000000000000000000000000000000000000000000000000000000000000000000000
 177 00000000000000000000000000000000000000000000000000000000000000000000000000000000000000000000000000000000000000000000000000000
 176 00000000000000000000000000000000000000000000000000000000000000000000000000000000000000000000000000000000000000000000000000000
 175 00000000000000000000000000000000000000000000000000000000000000000000000000000000000000000000000000000000000000000000000000000
 174 00000000000000000000000000000000000000000000000000000000000000000000000000000000000000000000000000000000000000000000000000000
 173 00000000000000000000000000000000000000000000000000000000000000000000000000000000000000000000000000000000000000000000000000000
 172 00000000000000000000000000000000000000000000000000000000000000000000000000000000000000000000000000000000000000000000000000000
 171 00000000000000000000000000000000000000000000000000000000000000000000000000000000000000000000000000000000000000000000000000000
 170 00000000000000000000000000000000000000000000000000000000000000000000000000000000000000000000000000000000000000000000000000000
 169 00000000000000000000000000000000000000000000000000000000000000000000000000000000000000000000000000000000000000000000000000000
 168 00000000000000000000000000000000000000000000000000000000000000000000000000000000000000000000000000000000000000000000000000000
 167 00000000000000000000000000000000000000000000000000000000000000000000000000000000000000000000000000000000000000000000000000000
 166 00000000000000000000000000000000000000000000000000000000000000000000000000000000000000000000000000000000000000000000000000000
 165 00000000000000000000000000000000000000000000000000000000000000000000000000000000000000000000000000000000000000000000000000000
 164 00000000000000000000000000000000000000000000000000000000000000000000000000000000000000000000000000000000000000000000000000000
 163 00000000000000000000000000000000000000000000000000000000000000000000000000000000000000000000000000000000000000000000000000000
 162 00000000000000000000000000000000000000000000000000000000000000000000000000000000000000000000000000000000000000000000000000000
 161 00000000000000000000000000000000000000000000000000000000000000000000000000000000000000000000000000000000000000000000000000000
 160 00000000000000000000000000000000000000000000000000000000000000000000000000000000000000000000000000000000000000000000000000000
 159 00000000000000000000000000000000000000000000000000000000000000000000000000000000000000000000000000000000000000000000000000000
 158 00000000000000000000000000000000000000000000000000000000000000000000000000000000000000000000000000000000000000000000000000000
 157 00000000000000000000000000000000000000000000000000000000000000000000000000000000000000000000000000000000000000000000000000000
 156 00000000000000000000000000000000000000000000000000000000000000000000000000000000000000000000000000000000000000000000000000000
 155 00000000000000000000000000000000000000000000000000000000000000000000000000000000000000000000000000000000000000000000000000000
 154 00000000000000000000000000000000000000000000000000000000000000000000000000000000000000000000000000000000000000000000000000000
 153 00000000000000000000000000000000000000000000000000000000000000000000000000000000000000000000000000000000000000000000000000000
 152 00000000000000000000000000000000000000000000000000000000000000000000000000000000000000000000000000000000000000000000000000000
 151 00000000000000000000000000000000000000000000000000000000000000000000000000000000000000000000000000000000000000000000000000000
 150 00000000000000000000000000000000000000000000000000000000000000000000000000000000000000000000000000000000000000000000000000000
 149 00000000000000000000000000000000000000000000000000000000000000000000000000000000000000000000000000000000000000000000000000000
 148 00000000000000000000000000000000000000000000000000000000000000000000000000000000000000000000000000000000000000000000000000000
 147 00000000000000000000000000000000000000000000000000000000000000000000000000000000000000000000000000000000000000000000000000000
 146 00000000000000000000000000000000000000000000000000000000000000000000000000000000000000000000000000000000000000000000000000000
 145 00000000000000000000000000000000000000000000000000000000000000000000000000000000000000000000000000000000000000000000000000000
 144 00000000000000000000000000000000000000000000000000000000000000000000000000000000000000000000000000000000000000000000000000000
 143 00000000000000000000000000000000000000000000000000000000000000000000000000000000000000000000000000000000000000000000000000000
 142 00000000000000000000000000000000000000000000000000000000000000000000000000000000000000000000000000000000000000000000000000000
 141 00000000000000000000000000000000000000000000000000000000000000000000000000000000000000000000000000000000000000000000000000000
 140 00000000000000000000000000000000000000000000000000000000000000000000000000000000000000000000000000000000000000000000000000000
 139 00000000000000000000000000000000000000000000000000000000000000000000000000000000000000000000000000000000000000000000000000000
 138 00000000000000000000000000000000000000000000000000000000000000000000000000000000000000000000000000000000000000000000000000000
 137 00000000000000000000000000000000000000000000000000000000000000000000000000000000000000000000000000000000000000000000000000000
 136 00000000000000000000000000000000000000000000000000000000000000000000000000000000000000000000000000000000000000000000000000000
 135 00000000000000000000000000000000000000000000000000000000000000000000000000000000000000000000000000000000000000000000000000000
 134 00000000000000000000000000000000000000000000000000000000000000000000000000000000000000000000000000000000000000000000000000000
 133 00000000000000000000000000000000000000000000000000000000000000000000000000000000000000000000000000000000000000000000000000000
 132 00000000000000000000000000000000000000000000000000000000000000000000000000000000000000000000000000000000000000000000000000000
 131 00000000000000000000000000000000000000000000000000000000000000000000000000000000000000000000000000000000000000000000000000000
 130 00000000000000000000000000000000000000000000000000000000000000000000000000000000000000000000000000000000000000000000000000000
 129 00000000000000000000000000000000000000000000000000000000000000000000000000000000000000000000000000000000000000000000000000000
 128 00000000000000000000000000000000000000000000000000000000000000000000000000000000000000000000000000000000000000000000000000000
 127 00000000000000000000000000000000000000000000000000000000000000000000000000000000000000000000000000000000000000000000000000000
 126 00000000000000000000000000000000000000000000000000000000000000000000000000000000000000000000000000000000000000000000000000000
 125 00000000000000000000000000000000000000000000000000000000000000000000000000000000000000000000000000000000000000000000000000000
 124 00000000000000000000000000000000000000000000000000000000000000000000000000000000000000000000000000000000000000000000000000000
 123 00000000000000000000000000000000000000000000000000000000000000000000000000000000000000000000000000000000000000000000000000000
 122 00000000000000000000000000000000000000000000000000000000000000000000000000000000000000000000000000000000000000000000000000000
 121 00000000000000000000000000000000000000000000000000000000000000000000000000000000000000000000000000000000000000000000000000000
 120 00000000000000000000000000000000000000000000000000000000000000000000000000000000000000000000000000000000000000000000000000000
 119 00000000000000000000000000000000000000000000000000000000000000000000000000000000000000000000000000000000000000000000000000000
 118 00000000000000000000000000000000000000000000000000000000000000000000000000000000000000000000000000000000000000000000000000000
 117 00000000000000000000000000000000000000000000000000000000000000000000000000000000000000000000000000000000000000000000000000000
 116 00000000000000000000000000000000000000000000000000000000000000000000000000000000000000000000000000000000000000000000000000000
 115 00000000000000000000000000000000000000000000000000000000000000000000000000000000000000000000000000000000000000000000000000000
 114 00000000000000000000000000000000000000000000000000000000000000000000000000000000000000000000000000000000000000000000000000000
 113 00000000000000000000000000000000000000000000000000000000000000000000000000000000000000000000000000000000000000000000000000000
 112 00000000000000000000000000000000000000000000000000000000000000000000000000000000000000000000000000000000000000000000000000000
 111 00000000000000000000000000000000000000000000000000000000000000000000000000000000000000000000000000000000000000000000000000000
 110 00000000000000000000000000000000000000000000000000000000000000000000000000000000000000000000000000000000000000000000000000000
 109 00000000000000000000000000000000000000000000000000000000000000000000000000000000000000000000000000000000000000000000000000000
 108 00000000000000000000000000000000000000000000000000000000000000000000000000000000000000000000000000000000000000000000000000000
 107 00000000000000000000000000000000000000000000000000000000000000000000000000000000000000000000000000000000000000000000000000000
 106 00000000000000000000000000000000000000000000000000000000000000000000000000000000000000000000000000000000000000000000000000000
 105 00000000000000000000000000000000000000000000000000000000000000000000000000000000000000000000000000000000000000000000000000000
 104 00000000000000000000000000000000000000000000000000000000000000000000000000000000000000000000000000000000000000000000000000000
 103 00000000000000000000000000000000000000000000000000000000000000000000000000000000000000000000000000000000000000000000000000000
 102 00000000000000000000000000000000000000000000000000000000000000000000000000000000000000000000000000000000000000000000000000000
 101 00000000000000000000000000000000000000000000000000000000000000000000000000000000000000000000000000000000000000000000000000000
 100 00000000000000000000000000000000000000000000000000000000000000000000000000000000000000000000000000000000000000000000000000000
  99 00000000000000000000000000000000000000000000000000000000000000000000000000000000000000000000000000000000000000000000000000000
  98 00000000000000000000000000000000000000000000000000000000000000000000000000000000000000000000000000000000000000000000000000000
  97 00000000000000000000000000000000000000000000000000000000000000000000000000000000000000000000000000000000000000000000000000000
  96 00000000000000000000000000000000000000000000000000000000000000000000000000000000000000000000000000000000000000000000000000000
  95 00000000000000000000000000000000000000000000000000000000000000000000000000000000000000000000000000000000000000000000000000000
  94 00000000000000000000000000000000000000000000000000000000000000000000000000000000000000000000000000000000000000000000000000000
  93 00000000000000000000000000000000000000000000000000000000000000000000000000000000000000000000000000000000000000000000000000000
  92 00000000000000000000000000000000000000000000000000000000000000000000000000000000000000000000000000000000000000000000000000000
  91 00000000000000000000000000000000000000000000000000000000000000000000000000000000000000000000000000000000000000000000000000000
  90 00000000000000000000000000000000000000000000000000000000000000000000000000000000000000000000000000000000000000000000000000000
  89 00000000000000000000000000000000000000000000000000000000000000000000000000000000000000000000000000000000000000000000000000000
  88 00000000000000000000000000000000000000000000000000000000000000000000000000000000000000000000000000000000000000000000000000000
  87 00000000000000000000000000000000000000000000000000000000000000000000000000000000000000000000000000000000000000000000000000000
  86 00000000000000000000000000000000000000000000000000000000000000000000000000000000000000000000000000000000000000000000000000000
  85 00000000000000000000000000000000000000000000000000000000000000000000000000000000000000000000000000000000000000000000000000000
  84 00000000000000000000000000000000000000000000000000000000000000000000000000000000000000000000000000000000000000000000000000000
  83 00000000000000000000000000000000000000000000000000000000000000000000000000000000000000000000000000000000000000000000000000000
  82 00000000000000000000000000000000000000000000000000000000000000000000000000000000000000000000000000000000000000000000000000000
  81 00000000000000000000000000000000000000000000000000000000000000000000000000000000000000000000000000000000000000000000000000000
  80 00000000000000000000000000000000000000000000000000000000000000000000000000000000000000000000000000000000000000000000000000000
  79 00000000000000000000000000000000000000000000000000000000000000000000000000000000000000000000000000000000000000000000000000000
  78 00000000000000000000000000000000000000000000000000000000000000000000000000000000000000000000000000000000000000000000000000000
  77 00000000000000000000000000000000000000000000000000000000000000000000000000000000000000000000000000000000000000000000000000000
  76 00000000000000000000000000000000000000000000000000000000000000000000000000000000000000000000000000000000000000000000000000000
  75 00000000000000000000000000000000000000000000000000000000000000000000000000000000000000000000000000000000000000000000000000000
  74 00000000000000000000000000000000000000000000000000000000000000000000000000000000000000000000000000000000000000000000000000000
  73 00000000000000000000000000000000000000000000000000000000000000000000000000000000000000000000000000000000000000000000000000000
  72 00000000000000000000000000000000000000000000000000000000000000000000000000000000000000000000000000000000000000000000000000000
  71 00000000000000000000000000000000000000000000000000000000000000000000000000000000000000000000000000000000000000000000000000000
  70 00000000000000000000000000000000000000000000000000000000000000000000000000000000000000000000000000000000000000000000000000000
  69 00000000000000000000000000000000000000000000000000000000000000000000000000000000000000000000000000000000000000000000000000000
  68 00000000000000000000000000000000000000000000000000000000000000000000000000000000000000000000000000000000000000000000000000000
  67 00000000000000000000000000000000000000000000000000000000000000000000000000000000000000000000000000000000000000000000000000000
  66 00000000000000000000000000000000000000000000000000000000000000000000000000000000000000000000000000000000000000000000000000000
  65 00000000000000000000000000000000000000000000000000000000000000000000000000000000000000000000000000000000000000000000000000000
  64 00000000000000000000000000000000000000000000000000000000000000000000000000000000000000000000000000000000000000000000000000000
  63 00000000000000000000000000000000000000000000000000000000000000000000000000000000000000000000000000000000000000000000000000000
  62 00000000000000000000000000000000000000000000000000000000000000000000000000000000000000000000000000000000000000000000000000000
  61 00000000000000000000000000000000000000000000000000000000000000000000000000000000000000000000000000000000000000000000000000000
  60 00000000000000000000000000000000000000000000000000000000000000000000000000000000000000000000000000000000000000000000000000000
  59 00000000000000000000000000000000000000000000000000000000000000000000000000000000000000000000000000000000000000000000000000000
  58 00000000000000000000000000000000000000000000000000000000000000000000000000000000000000000000000000000000000000000000000000000
  57 00000000000000000000000000000000000000000000000000000000000000000000000000000000000000000000000000000000000000000000000000000
  56 00000000000000000000000000000000000000000000000000000000000000000000000000000000000000000000000000000000000000000000000000000
  55 00000000000000000000000000000000000000000000000000000000000000000000000000000000000000000000000000000000000000000000000000000
  54 00000000000000000000000000000000000000000000000000000000000000000000000000000000000000000000000000000000000000000000000000000
  53 00000000000000000000000000000000000000000000000000000000000000000000000000000000000000000000000000000000000000000000000000000
  52 00000000000000000000000000000000000000000000000000000000000000000000000000000000000000000000000000000000000000000000000000000
  51 00000000000000000000000000000000000000000000000000000000000000000000000000000000000000000000000000000000000000000000000000000
  50 00000000000000000000000000000000000000000000000000000000000000000000000000000000000000000000000000000000000000000000000000000
  49 00000000000000000000000000000000000000000000000000000000000000000000000000000000000000000000000000000000000000000000000000000
  48 00000000000000000000000000000000000000000000000000000000000000000000000000000000000000000000000000000000000000000000000000000
  47 00000000000000000000000000000000000000000000000000000000000000000000000000000000000000000000000000000000000000000000000000000
  46 00000000000000000000000000000000000000000000000000000000000000000000000000000000000000000000000000000000000000000000000000000
  45 00000000000000000000000000000000000000000000000000000000000000000000000000000000000000000000000000000000000000000000000000000
  44 00000000000000000000000000000000000000000000000000000000000000000000000000000000000000000000000000000000000000000000000000000
  43 00000000000000000000000000000000000000000000000000000000000000000000000000000000000000000000000000000000000000000000000000000
  42 00000000000000000000000000000000000000000000000000000000000000000000000000000000000000000000000000000000000000000000000000000
  41 00000000000000000000000000000000000000000000000000000000000000000000000000000000000000000000000000000000000000000000000000000
  40 00000000000000000000000000000000000000000000000000000000000000000000000000000000000000000000000000000000000000000000000000000
  39 00000000000000000000000000000000000000000000000000000000000000000000000000000000000000000000000000000000000000000000000000000
  38 00000000000000000000000000000000000000000000000000000000000000000000000000000000000000000000000000000000000000000000000000000
  37 00000000000000000000000000000000000000000000000000000000000000000000000000000000000000000000000000000000000000000000000000000
  36 00000000000000000000000000000000000000000000000000000000000000000000000000000000000000000000000000000000000000000000000000000
  35 00000000000000000000000000000000000000000000000000000000000000000000000000000000000000000000000000000000000000000000000000000
  34 00000000000000000000000000000000000000000000000000000000000000000000000000000000000000000000000000000000000000000000000000000
  33 00000000000000000000000000000000000000000000000000000000000000000000000000000000000000000000000000000000000000000000000000000
  32 00000000000000000000000000000000000000000000000000000000000000000000000000000000000000000000000000000000000000000000000000000
  31 00000000000000000000000000000000000000000000000000000000000000000000000000000000000000000000000000000000000000000000000000000
  30 00000000000000000000000000000000000000000000000000000000000000000000000000000000000000000000000000000000000000000000000000000
  29 00000000000000000000000000000000000000000000000000000000000000000000000000000000000000000000000000000000000000000000000000000
  28 00000000000000000000000000000000000000000000000000000000000000000000000000000000000000000000000000000000000000000000000000000
  27 00000000000000000000000000000000000000000000000000000000000000000000000000000000000000000000000000000000000000000000000000000
  26 00000000000000000000000000000000000000000000000000000000000000000000000000000000000000000000000000000000000000000000000000000
  25 00000000000000000000000000000000000000000000000000000000000000000000000000000000000000000000000000000000000000000000000000000
  24 00000000000000000000000000000000000000000000000000000000000000000000000000000000000000000000000000000000000000000000000000000
  23 00000000000000000000000000000000000000000000000000000000000000000000000000000000000000000000000000000000000000000000000000000
  22 00000000000000000000000000000000000000000000000000000000000000000000000000000000000000000000000000000000000000000000000000000
  21 00000000000000000000000000000000000000000000000000000000000000000000000000000000000000000000000000000000000000000000000000000
  20 00000000000000000000000000000000000000000000000000000000000000000000000000000000000000000000000000000000000000000000000000000
  19 00000000000000000000000000000000000000000000000000000000000000000000000000000000000000000000000000000000000000000000000000000
  18 00000000000000000000000000000000000000000000000000000000000000000000000000000000000000000000000000000000000000000000000000000
  17 00000000000000000000000000000000000000000000000000000000000000000000000000000000000000000000000000000000000000000000000000000
  16 00000000000000000000000000000000000000000000000000000000000000000000000000000000000000000000000000000000000000000000000000000
  15 00000000000000000000000000000000000000000000000000000000000000000000000000000000000000000000000000000000000000000000000000000
  14 00000000000000000000000000000000000000000000000000000000000000000000000000000000000000000000000000000000000000000000000000000
  13 00000000000000000000000000000000000000000000000000000000000000000000000000000000000000000000000000000000000000000000000000000
  12 00000000000000000000000000000000000000000000000000000000000000000000000000000000000000000000000000000000000000000000000000000
  11 00000000000000000000000000000000000000000000000000000000000000000000000000000000000000000000000000000000000000000000000000000
  10 00000000000000000000000000000000000000000000000000000000000000000000000000000000000000000000000000000000000000000000000000000
   9 00000000000000000000000000000000000000000000000000000000000000000000000000000000000000000000000000000000000000000000000000000
   8 00000000000000000000000000000000000000000000000000000000000000000000000000000000000000000000000000000000000000000000000000000
   7 00000000000000000000000000000000000000000000000000000000000000000000000000000000000000000000000000000000000000000000000000000
   6 00000000000000000000000000000000000000000000000000000000000000000000000000000000000000000000000000000000000000000000000000000
   5 00000000000000000000000000000000000000000000000000000000000000000000000000000000000000000000000000000000000000000000000000000
   4 00000000000000000000000000000000000000000000000000000000000000000000000000000000000000000000000000000000000000000000000000000
   3 00000000000000000000000000000000000000000000000000000000000000000000000000000000000000000000000000000000000000000000000000000
   2 *****************************************************************************************************************************
   1 11111111111111111111111111111111111111111111111111111111111111111111111111111111111111111111111111111111111111111111111111111
       130  135  140  145  150  155  160  165  170  175  180  185  190  195  200  205  210  215  220  225  230  235  240  245  250
  
       255  260  265  270  275  280  285  290  295  300  305  310  315  320  325  330  335  340  345  350  355  360  365  370  375
 402 11111111111111111111111111111111111111111111111111111111111111111111111111111111111111111111111111111111111111111111111111111
 401 *****************************************************************************************************************************
 400 00000000000000000000000000000000000000000000000000000000000000000000000000000000000000000000000000000000000000000000000000000
 399 00000000000000000000000000000000000000000000000000000000000000000000000000000000000000000000000000000000000000000000000000000
 398 00000000000000000000000000000000000000000000000000000000000000000000000000000000000000000000000000000000000000000000000000000
 397 00000000000000000000000000000000000000000000000000000000000000000000000000000000000000000000000000000000000000000000000000000
 396 00000000000000000000000000000000000000000000000000000000000000000000000000000000000000000000000000000000000000000000000000000
 395 00000000000000000000000000000000000000000000000000000000000000000000000000000000000000000000000000000000000000000000000000000
 394 00000000000000000000000000000000000000000000000000000000000000000000000000000000000000000000000000000000000000000000000000000
 393 00000000000000000000000000000000000000000000000000000000000000000000000000000000000000000000000000000000000000000000000000000
 392 00000000000000000000000000000000000000000000000000000000000000000000000000000000000000000000000000000000000000000000000000000
 391 00000000000000000000000000000000000000000000000000000000000000000000000000000000000000000000000000000000000000000000000000000
 390 00000000000000000000000000000000000000000000000000000000000000000000000000000000000000000000000000000000000000000000000000000
 389 00000000000000000000000000000000000000000000000000000000000000000000000000000000000000000000000000000000000000000000000000000
 388 00000000000000000000000000000000000000000000000000000000000000000000000000000000000000000000000000000000000000000000000000000
 387 00000000000000000000000000000000000000000000000000000000000000000000000000000000000000000000000000000000000000000000000000000
 386 00000000000000000000000000000000000000000000000000000000000000000000000000000000000000000000000000000000000000000000000000000
 385 00000000000000000000000000000000000000000000000000000000000000000000000000000000000000000000000000000000000000000000000000000
 384 00000000000000000000000000000000000000000000000000000000000000000000000000000000000000000000000000000000000000000000000000000
 383 00000000000000000000000000000000000000000000000000000000000000000000000000000000000000000000000000000000000000000000000000000
 382 00000000000000000000000000000000000000000000000000000000000000000000000000000000000000000000000000000000000000000000000000000
 381 00000000000000000000000000000000000000000000000000000000000000000000000000000000000000000000000000000000000000000000000000000
 380 00000000000000000000000000000000000000000000000000000000000000000000000000000000000000000000000000000000000000000000000000000
 379 00000000000000000000000000000000000000000000000000000000000000000000000000000000000000000000000000000000000000000000000000000
 378 00000000000000000000000000000000000000000000000000000000000000000000000000000000000000000000000000000000000000000000000000000
 377 00000000000000000000000000000000000000000000000000000000000000000000000000000000000000000000000000000000000000000000000000000
 376 00000000000000000000000000000000000000000000000000000000000000000000000000000000000000000000000000000000000000000000000000000
 375 00000000000000000000000000000000000000000000000000000000000000000000000000000000000000000000000000000000000000000000000000000
 374 00000000000000000000000000000000000000000000000000000000000000000000000000000000000000000000000000000000000000000000000000000
 373 00000000000000000000000000000000000000000000000000000000000000000000000000000000000000000000000000000000000000000000000000000
 372 00000000000000000000000000000000000000000000000000000000000000000000000000000000000000000000000000000000000000000000000000000
 371 00000000000000000000000000000000000000000000000000000000000000000000000000000000000000000000000000000000000000000000000000000
 370 00000000000000000000000000000000000000000000000000000000000000000000000000000000000000000000000000000000000000000000000000000
 369 00000000000000000000000000000000000000000000000000000000000000000000000000000000000000000000000000000000000000000000000000000
 368 00000000000000000000000000000000000000000000000000000000000000000000000000000000000000000000000000000000000000000000000000000
 367 00000000000000000000000000000000000000000000000000000000000000000000000000000000000000000000000000000000000000000000000000000
 366 00000000000000000000000000000000000000000000000000000000000000000000000000000000000000000000000000000000000000000000000000000
 365 00000000000000000000000000000000000000000000000000000000000000000000000000000000000000000000000000000000000000000000000000000
 364 00000000000000000000000000000000000000000000000000000000000000000000000000000000000000000000000000000000000000000000000000000
 363 00000000000000000000000000000000000000000000000000000000000000000000000000000000000000000000000000000000000000000000000000000
 362 00000000000000000000000000000000000000000000000000000000000000000000000000000000000000000000000000000000000000000000000000000
 361 00000000000000000000000000000000000000000000000000000000000000000000000000000000000000000000000000000000000000000000000000000
 360 00000000000000000000000000000000000000000000000000000000000000000000000000000000000000000000000000000000000000000000000000000
 359 00000000000000000000000000000000000000000000000000000000000000000000000000000000000000000000000000000000000000000000000000000
 358 00000000000000000000000000000000000000000000000000000000000000000000000000000000000000000000000000000000000000000000000000000
 357 00000000000000000000000000000000000000000000000000000000000000000000000000000000000000000000000000000000000000000000000000000
 356 00000000000000000000000000000000000000000000000000000000000000000000000000000000000000000000000000000000000000000000000000000
 355 00000000000000000000000000000000000000000000000000000000000000000000000000000000000000000000000000000000000000000000000000000
 354 00000000000000000000000000000000000000000000000000000000000000000000000000000000000000000000000000000000000000000000000000000
 353 00000000000000000000000000000000000000000000000000000000000000000000000000000000000000000000000000000000000000000000000000000
 352 00000000000000000000000000000000000000000000000000000000000000000000000000000000000000000000000000000000000000000000000000000
 351 00000000000000000000000000000000000000000000000000000000000000000000000000000000000000000000000000000000000000000000000000000
 350 00000000000000000000000000000000000000000000000000000000000000000000000000000000000000000000000000000000000000000000000000000
 349 00000000000000000000000000000000000000000000000000000000000000000000000000000000000000000000000000000000000000000000000000000
 348 00000000000000000000000000000000000000000000000000000000000000000000000000000000000000000000000000000000000000000000000000000
 347 00000000000000000000000000000000000000000000000000000000000000000000000000000000000000000000000000000000000000000000000000000
 346 00000000000000000000000000000000000000000000000000000000000000000000000000000000000000000000000000000000000000000000000000000
 345 00000000000000000000000000000000000000000000000000000000000000000000000000000000000000000000000000000000000000000000000000000
 344 00000000000000000000000000000000000000000000000000000000000000000000000000000000000000000000000000000000000000000000000000000
 343 00000000000000000000000000000000000000000000000000000000000000000000000000000000000000000000000000000000000000000000000000000
 342 00000000000000000000000000000000000000000000000000000000000000000000000000000000000000000000000000000000000000000000000000000
 341 00000000000000000000000000000000000000000000000000000000000000000000000000000000000000000000000000000000000000000000000000000
 340 00000000000000000000000000000000000000000000000000000000000000000000000000000000000000000000000000000000000000000000000000000
 339 00000000000000000000000000000000000000000000000000000000000000000000000000000000000000000000000000000000000000000000000000000
 338 00000000000000000000000000000000000000000000000000000000000000000000000000000000000000000000000000000000000000000000000000000
 337 00000000000000000000000000000000000000000000000000000000000000000000000000000000000000000000000000000000000000000000000000000
 336 00000000000000000000000000000000000000000000000000000000000000000000000000000000000000000000000000000000000000000000000000000
 335 00000000000000000000000000000000000000000000000000000000000000000000000000000000000000000000000000000000000000000000000000000
 334 00000000000000000000000000000000000000000000000000000000000000000000000000000000000000000000000000000000000000000000000000000
 333 00000000000000000000000000000000000000000000000000000000000000000000000000000000000000000000000000000000000000000000000000000
 332 00000000000000000000000000000000000000000000000000000000000000000000000000000000000000000000000000000000000000000000000000000
 331 00000000000000000000000000000000000000000000000000000000000000000000000000000000000000000000000000000000000000000000000000000
 330 00000000000000000000000000000000000000000000000000000000000000000000000000000000000000000000000000000000000000000000000000000
 329 00000000000000000000000000000000000000000000000000000000000000000000000000000000000000000000000000000000000000000000000000000
 328 00000000000000000000000000000000000000000000000000000000000000000000000000000000000000000000000000000000000000000000000000000
 327 00000000000000000000000000000000000000000000000000000000000000000000000000000000000000000000000000000000000000000000000000000
 326 00000000000000000000000000000000000000000000000000000000000000000000000000000000000000000000000000000000000000000000000000000
 325 00000000000000000000000000000000000000000000000000000000000000000000000000000000000000000000000000000000000000000000000000000
 324 00000000000000000000000000000000000000000000000000000000000000000000000000000000000000000000000000000000000000000000000000000
 323 00000000000000000000000000000000000000000000000000000000000000000000000000000000000000000000000000000000000000000000000000000
 322 00000000000000000000000000000000000000000000000000000000000000000000000000000000000000000000000000000000000000000000000000000
 321 00000000000000000000000000000000000000000000000000000000000000000000000000000000000000000000000000000000000000000000000000000
 320 00000000000000000000000000000000000000000000000000000000000000000000000000000000000000000000000000000000000000000000000000000
 319 00000000000000000000000000000000000000000000000000000000000000000000000000000000000000000000000000000000000000000000000000000
 318 00000000000000000000000000000000000000000000000000000000000000000000000000000000000000000000000000000000000000000000000000000
 317 00000000000000000000000000000000000000000000000000000000000000000000000000000000000000000000000000000000000000000000000000000
 316 00000000000000000000000000000000000000000000000000000000000000000000000000000000000000000000000000000000000000000000000000000
 315 00000000000000000000000000000000000000000000000000000000000000000000000000000000000000000000000000000000000000000000000000000
 314 00000000000000000000000000000000000000000000000000000000000000000000000000000000000000000000000000000000000000000000000000000
 313 00000000000000000000000000000000000000000000000000000000000000000000000000000000000000000000000000000000000000000000000000000
 312 00000000000000000000000000000000000000000000000000000000000000000000000000000000000000000000000000000000000000000000000000000
 311 00000000000000000000000000000000000000000000000000000000000000000000000000000000000000000000000000000000000000000000000000000
 310 00000000000000000000000000000000000000000000000000000000000000000000000000000000000000000000000000000000000000000000000000000
 309 00000000000000000000000000000000000000000000000000000000000000000000000000000000000000000000000000000000000000000000000000000
 308 00000000000000000000000000000000000000000000000000000000000000000000000000000000000000000000000000000000000000000000000000000
 307 00000000000000000000000000000000000000000000000000000000000000000000000000000000000000000000000000000000000000000000000000000
 306 00000000000000000000000000000000000000000000000000000000000000000000000000000000000000000000000000000000000000000000000000000
 305 00000000000000000000000000000000000000000000000000000000000000000000000000000000000000000000000000000000000000000000000000000
 304 00000000000000000000000000000000000000000000000000000000000000000000000000000000000000000000000000000000000000000000000000000
 303 00000000000000000000000000000000000000000000000000000000000000000000000000000000000000000000000000000000000000000000000000000
 302 00000000000000000000000000000000000000000000000000000000000000000000000000000000000000000000000000000000000000000000000000000
 301 00000000000000000000000000000000000000000000000000000000000000000000000000000000000000000000000000000000000000000000000000000
 300 00000000000000000000000000000000000000000000000000000000000000000000000000000000000000000000000000000000000000000000000000000
 299 00000000000000000000000000000000000000000000000000000000000000000000000000000000000000000000000000000000000000000000000000000
 298 00000000000000000000000000000000000000000000000000000000000000000000000000000000000000000000000000000000000000000000000000000
 297 00000000000000000000000000000000000000000000000000000000000000000000000000000000000000000000000000000000000000000000000000000
 296 00000000000000000000000000000000000000000000000000000000000000000000000000000000000000000000000000000000000000000000000000000
 295 00000000000000000000000000000000000000000000000000000000000000000000000000000000000000000000000000000000000000000000000000000
 294 00000000000000000000000000000000000000000000000000000000000000000000000000000000000000000000000000000000000000000000000000000
 293 00000000000000000000000000000000000000000000000000000000000000000000000000000000000000000000000000000000000000000000000000000
 292 00000000000000000000000000000000000000000000000000000000000000000000000000000000000000000000000000000000000000000000000000000
 291 00000000000000000000000000000000000000000000000000000000000000000000000000000000000000000000000000000000000000000000000000000
 290 00000000000000000000000000000000000000000000000000000000000000000000000000000000000000000000000000000000000000000000000000000
 289 00000000000000000000000000000000000000000000000000000000000000000000000000000000000000000000000000000000000000000000000000000
 288 00000000000000000000000000000000000000000000000000000000000000000000000000000000000000000000000000000000000000000000000000000
 287 00000000000000000000000000000000000000000000000000000000000000000000000000000000000000000000000000000000000000000000000000000
 286 00000000000000000000000000000000000000000000000000000000000000000000000000000000000000000000000000000000000000000000000000000
 285 00000000000000000000000000000000000000000000000000000000000000000000000000000000000000000000000000000000000000000000000000000
 284 00000000000000000000000000000000000000000000000000000000000000000000000000000000000000000000000000000000000000000000000000000
 283 00000000000000000000000000000000000000000000000000000000000000000000000000000000000000000000000000000000000000000000000000000
 282 00000000000000000000000000000000000000000000000000000000000000000000000000000000000000000000000000000000000000000000000000000
 281 00000000000000000000000000000000000000000000000000000000000000000000000000000000000000000000000000000000000000000000000000000
 280 00000000000000000000000000000000000000000000000000000000000000000000000000000000000000000000000000000000000000000000000000000
 279 00000000000000000000000000000000000000000000000000000000000000000000000000000000000000000000000000000000000000000000000000000
 278 00000000000000000000000000000000000000000000000000000000000000000000000000000000000000000000000000000000000000000000000000000
 277 00000000000000000000000000000000000000000000000000000000000000000000000000000000000000000000000000000000000000000000000000000
 276 00000000000000000000000000000000000000000000000000000000000000000000000000000000000000000000000000000000000000000000000000000
 275 00000000000000000000000000000000000000000000000000000000000000000000000000000000000000000000000000000000000000000000000000000
 274 00000000000000000000000000000000000000000000000000000000000000000000000000000000000000000000000000000000000000000000000000000
 273 00000000000000000000000000000000000000000000000000000000000000000000000000000000000000000000000000000000000000000000000000000
 272 00000000000000000000000000000000000000000000000000000000000000000000000000000000000000000000000000000000000000000000000000000
 271 00000000000000000000000000000000000000000000000000000000000000000000000000000000000000000000000000000000000000000000000000000
 270 00000000000000000000000000000000000000000000000000000000000000000000000000000000000000000000000000000000000000000000000000000
 269 00000000000000000000000000000000000000000000000000000000000000000000000000000000000000000000000000000000000000000000000000000
 268 00000000000000000000000000000000000000000000000000000000000000000000000000000000000000000000000000000000000000000000000000000
 267 00000000000000000000000000000000000000000000000000000000000000000000000000000000000000000000000000000000000000000000000000000
 266 00000000000000000000000000000000000000000000000000000000000000000000000000000000000000000000000000000000000000000000000000000
 265 00000000000000000000000000000000000000000000000000000000000000000000000000000000000000000000000000000000000000000000000000000
 264 00000000000000000000000000000000000000000000000000000000000000000000000000000000000000000000000000000000000000000000000000000
 263 00000000000000000000000000000000000000000000000000000000000000000000000000000000000000000000000000000000000000000000000000000
 262 00000000000000000000000000000000000000000000000000000000000000000000000000000000000000000000000000000000000000000000000000000
 261 00000000000000000000000000000000000000000000000000000000000000000000000000000000000000000000000000000000000000000000000000000
 260 00000000000000000000000000000000000000000000000000000000000000000000000000000000000000000000000000000000000000000000000000000
 259 00000000000000000000000000000000000000000000000000000000000000000000000000000000000000000000000000000000000000000000000000000
 258 00000000000000000000000000000000000000000000000000000000000000000000000000000000000000000000000000000000000000000000000000000
 257 00000000000000000000000000000000000000000000000000000000000000000000000000000000000000000000000000000000000000000000000000000
 256 00000000000000000000000000000000000000000000000000000000000000000000000000000000000000000000000000000000000000000000000000000
 255 00000000000000000000000000000000000000000000000000000000000000000000000000000000000000000000000000000000000000000000000000000
 254 00000000000000000000000000000000000000000000000000000000000000000000000000000000000000000000000000000000000000000000000000000
 253 00000000000000000000000000000000000000000000000000000000000000000000000000000000000000000000000000000000000000000000000000000
 252 00000000000000000000000000000000000000000000000000000000000000000000000000000000000000000000000000000000000000000000000000000
 251 00000000000000000000000000000000000000000000000000000000000000000000000000000000000000000000000000000000000000000000000000000
 250 00000000000000000000000000000000000000000000000000000000000000000000000000000000000000000000000000000000000000000000000000000
 249 00000000000000000000000000000000000000000000000000000000000000000000000000000000000000000000000000000000000000000000000000000
 248 00000000000000000000000000000000000000000000000000000000000000000000000000000000000000000000000000000000000000000000000000000
 247 00000000000000000000000000000000000000000000000000000000000000000000000000000000000000000000000000000000000000000000000000000
 246 00000000000000000000000000000000000000000000000000000000000000000000000000000000000000000000000000000000000000000000000000000
 245 00000000000000000000000000000000000000000000000000000000000000000000000000000000000000000000000000000000000000000000000000000
 244 00000000000000000000000000000000000000000000000000000000000000000000000000000000000000000000000000000000000000000000000000000
 243 00000000000000000000000000000000000000000000000000000000000000000000000000000000000000000000000000000000000000000000000000000
 242 00000000000000000000000000000000000000000000000000000000000000000000000000000000000000000000000000000000000000000000000000000
 241 00000000000000000000000000000000000000000000000000000000000000000000000000000000000000000000000000000000000000000000000000000
 240 00000000000000000000000000000000000000000000000000000000000000000000000000000000000000000000000000000000000000000000000000000
 239 00000000000000000000000000000000000000000000000000000000000000000000000000000000000000000000000000000000000000000000000000000
 238 00000000000000000000000000000000000000000000000000000000000000000000000000000000000000000000000000000000000000000000000000000
 237 00000000000000000000000000000000000000000000000000000000000000000000000000000000000000000000000000000000000000000000000000000
 236 00000000000000000000000000000000000000000000000000000000000000000000000000000000000000000000000000000000000000000000000000000
 235 00000000000000000000000000000000000000000000000000000000000000000000000000000000000000000000000000000000000000000000000000000
 234 00000000000000000000000000000000000000000000000000000000000000000000000000000000000000000000000000000000000000000000000000000
 233 00000000000000000000000000000000000000000000000000000000000000000000000000000000000000000000000000000000000000000000000000000
 232 00000000000000000000000000000000000000000000000000000000000000000000000000000000000000000000000000000000000000000000000000000
 231 00000000000000000000000000000000000000000000000000000000000000000000000000000000000000000000000000000000000000000000000000000
 230 00000000000000000000000000000000000000000000000000000000000000000000000000000000000000000000000000000000000000000000000000000
 229 00000000000000000000000000000000000000000000000000000000000000000000000000000000000000000000000000000000000000000000000000000
 228 00000000000000000000000000000000000000000000000000000000000000000000000000000000000000000000000000000000000000000000000000000
 227 00000000000000000000000000000000000000000000000000000000000000000000000000000000000000000000000000000000000000000000000000000
 226 00000000000000000000000000000000000000000000000000000000000000000000000000000000000000000000000000000000000000000000000000000
 225 00000000000000000000000000000000000000000000000000000000000000000000000000000000000000000000000000000000000000000000000000000
 224 00000000000000000000000000000000000000000000000000000000000000000000000000000000000000000000000000000000000000000000000000000
 223 00000000000000000000000000000000000000000000000000000000000000000000000000000000000000000000000000000000000000000000000000000
 222 00000000000000000000000000000000000000000000000000000000000000000000000000000000000000000000000000000000000000000000000000000
 221 00000000000000000000000000000000000000000000000000000000000000000000000000000000000000000000000000000000000000000000000000000
 220 00000000000000000000000000000000000000000000000000000000000000000000000000000000000000000000000000000000000000000000000000000
 219 00000000000000000000000000000000000000000000000000000000000000000000000000000000000000000000000000000000000000000000000000000
 218 00000000000000000000000000000000000000000000000000000000000000000000000000000000000000000000000000000000000000000000000000000
 217 00000000000000000000000000000000000000000000000000000000000000000000000000000000000000000000000000000000000000000000000000000
 216 00000000000000000000000000000000000000000000000000000000000000000000000000000000000000000000000000000000000000000000000000000
 215 00000000000000000000000000000000000000000000000000000000000000000000000000000000000000000000000000000000000000000000000000000
 214 00000000000000000000000000000000000000000000000000000000000000000000000000000000000000000000000000000000000000000000000000000
 213 00000000000000000000000000000000000000000000000000000000000000000000000000000000000000000000000000000000000000000000000000000
 212 00000000000000000000000000000000000000000000000000000000000000000000000000000000000000000000000000000000000000000000000000000
 211 00000000000000000000000000000000000000000000000000000000000000000000000000000000000000000000000000000000000000000000000000000
 210 00000000000000000000000000000000000000000000000000000000000000000000000000000000000000000000000000000000000000000000000000000
 209 00000000000000000000000000000000000000000000000000000000000000000000000000000000000000000000000000000000000000000000000000000
 208 00000000000000000000000000000000000000000000000000000000000000000000000000000000000000000000000000000000000000000000000000000
 207 00000000000000000000000000000000000000000000000000000000000000000000000000000000000000000000000000000000000000000000000000000
 206 00000000000000000000000000000000000000000000000000000000000000000000000000000000000000000000000000000000000000000000000000000
 205 00000000000000000000000000000000000000000000000000000000000000000000000000000000000000000000000000000000000000000000000000000
 204 00000000000000000000000000000000000000000000000000000000000000000000000000000000000000000000000000000000000000000000000000000
 203 00000000000000000000000000000000000000000000000000000000000000000000000000000000000000000000000000000000000000000000000000000
 202 00000000000000000000000000000000000000000000000000000000000000000000000000000000000000000000000000000000000000000000000000000
 201 00000000000000000000000000000000000000000000000000000000000000000000000000000000000000000000000000000000000000000000000000000
 200 00000000000000000000000000000000000000000000000000000000000000000000000000000000000000000000000000000000000000000000000000000
 199 00000000000000000000000000000000000000000000000000000000000000000000000000000000000000000000000000000000000000000000000000000
 198 00000000000000000000000000000000000000000000000000000000000000000000000000000000000000000000000000000000000000000000000000000
 197 00000000000000000000000000000000000000000000000000000000000000000000000000000000000000000000000000000000000000000000000000000
 196 00000000000000000000000000000000000000000000000000000000000000000000000000000000000000000000000000000000000000000000000000000
 195 00000000000000000000000000000000000000000000000000000000000000000000000000000000000000000000000000000000000000000000000000000
 194 00000000000000000000000000000000000000000000000000000000000000000000000000000000000000000000000000000000000000000000000000000
 193 00000000000000000000000000000000000000000000000000000000000000000000000000000000000000000000000000000000000000000000000000000
 192 00000000000000000000000000000000000000000000000000000000000000000000000000000000000000000000000000000000000000000000000000000
 191 00000000000000000000000000000000000000000000000000000000000000000000000000000000000000000000000000000000000000000000000000000
 190 00000000000000000000000000000000000000000000000000000000000000000000000000000000000000000000000000000000000000000000000000000
 189 00000000000000000000000000000000000000000000000000000000000000000000000000000000000000000000000000000000000000000000000000000
 188 00000000000000000000000000000000000000000000000000000000000000000000000000000000000000000000000000000000000000000000000000000
 187 00000000000000000000000000000000000000000000000000000000000000000000000000000000000000000000000000000000000000000000000000000
 186 00000000000000000000000000000000000000000000000000000000000000000000000000000000000000000000000000000000000000000000000000000
 185 00000000000000000000000000000000000000000000000000000000000000000000000000000000000000000000000000000000000000000000000000000
 184 00000000000000000000000000000000000000000000000000000000000000000000000000000000000000000000000000000000000000000000000000000
 183 00000000000000000000000000000000000000000000000000000000000000000000000000000000000000000000000000000000000000000000000000000
 182 00000000000000000000000000000000000000000000000000000000000000000000000000000000000000000000000000000000000000000000000000000
 181 00000000000000000000000000000000000000000000000000000000000000000000000000000000000000000000000000000000000000000000000000000
 180 00000000000000000000000000000000000000000000000000000000000000000000000000000000000000000000000000000000000000000000000000000
 179 00000000000000000000000000000000000000000000000000000000000000000000000000000000000000000000000000000000000000000000000000000
 178 00000000000000000000000000000000000000000000000000000000000000000000000000000000000000000000000000000000000000000000000000000
 177 00000000000000000000000000000000000000000000000000000000000000000000000000000000000000000000000000000000000000000000000000000
 176 00000000000000000000000000000000000000000000000000000000000000000000000000000000000000000000000000000000000000000000000000000
 175 00000000000000000000000000000000000000000000000000000000000000000000000000000000000000000000000000000000000000000000000000000
 174 00000000000000000000000000000000000000000000000000000000000000000000000000000000000000000000000000000000000000000000000000000
 173 00000000000000000000000000000000000000000000000000000000000000000000000000000000000000000000000000000000000000000000000000000
 172 00000000000000000000000000000000000000000000000000000000000000000000000000000000000000000000000000000000000000000000000000000
 171 00000000000000000000000000000000000000000000000000000000000000000000000000000000000000000000000000000000000000000000000000000
 170 00000000000000000000000000000000000000000000000000000000000000000000000000000000000000000000000000000000000000000000000000000
 169 00000000000000000000000000000000000000000000000000000000000000000000000000000000000000000000000000000000000000000000000000000
 168 00000000000000000000000000000000000000000000000000000000000000000000000000000000000000000000000000000000000000000000000000000
 167 00000000000000000000000000000000000000000000000000000000000000000000000000000000000000000000000000000000000000000000000000000
 166 00000000000000000000000000000000000000000000000000000000000000000000000000000000000000000000000000000000000000000000000000000
 165 00000000000000000000000000000000000000000000000000000000000000000000000000000000000000000000000000000000000000000000000000000
 164 00000000000000000000000000000000000000000000000000000000000000000000000000000000000000000000000000000000000000000000000000000
 163 00000000000000000000000000000000000000000000000000000000000000000000000000000000000000000000000000000000000000000000000000000
 162 00000000000000000000000000000000000000000000000000000000000000000000000000000000000000000000000000000000000000000000000000000
 161 00000000000000000000000000000000000000000000000000000000000000000000000000000000000000000000000000000000000000000000000000000
 160 00000000000000000000000000000000000000000000000000000000000000000000000000000000000000000000000000000000000000000000000000000
 159 00000000000000000000000000000000000000000000000000000000000000000000000000000000000000000000000000000000000000000000000000000
 158 00000000000000000000000000000000000000000000000000000000000000000000000000000000000000000000000000000000000000000000000000000
 157 00000000000000000000000000000000000000000000000000000000000000000000000000000000000000000000000000000000000000000000000000000
 156 00000000000000000000000000000000000000000000000000000000000000000000000000000000000000000000000000000000000000000000000000000
 155 00000000000000000000000000000000000000000000000000000000000000000000000000000000000000000000000000000000000000000000000000000
 154 00000000000000000000000000000000000000000000000000000000000000000000000000000000000000000000000000000000000000000000000000000
 153 00000000000000000000000000000000000000000000000000000000000000000000000000000000000000000000000000000000000000000000000000000
 152 00000000000000000000000000000000000000000000000000000000000000000000000000000000000000000000000000000000000000000000000000000
 151 00000000000000000000000000000000000000000000000000000000000000000000000000000000000000000000000000000000000000000000000000000
 150 00000000000000000000000000000000000000000000000000000000000000000000000000000000000000000000000000000000000000000000000000000
 149 00000000000000000000000000000000000000000000000000000000000000000000000000000000000000000000000000000000000000000000000000000
 148 00000000000000000000000000000000000000000000000000000000000000000000000000000000000000000000000000000000000000000000000000000
 147 00000000000000000000000000000000000000000000000000000000000000000000000000000000000000000000000000000000000000000000000000000
 146 00000000000000000000000000000000000000000000000000000000000000000000000000000000000000000000000000000000000000000000000000000
 145 00000000000000000000000000000000000000000000000000000000000000000000000000000000000000000000000000000000000000000000000000000
 144 00000000000000000000000000000000000000000000000000000000000000000000000000000000000000000000000000000000000000000000000000000
 143 00000000000000000000000000000000000000000000000000000000000000000000000000000000000000000000000000000000000000000000000000000
 142 00000000000000000000000000000000000000000000000000000000000000000000000000000000000000000000000000000000000000000000000000000
 141 00000000000000000000000000000000000000000000000000000000000000000000000000000000000000000000000000000000000000000000000000000
 140 00000000000000000000000000000000000000000000000000000000000000000000000000000000000000000000000000000000000000000000000000000
 139 00000000000000000000000000000000000000000000000000000000000000000000000000000000000000000000000000000000000000000000000000000
 138 00000000000000000000000000000000000000000000000000000000000000000000000000000000000000000000000000000000000000000000000000000
 137 00000000000000000000000000000000000000000000000000000000000000000000000000000000000000000000000000000000000000000000000000000
 136 00000000000000000000000000000000000000000000000000000000000000000000000000000000000000000000000000000000000000000000000000000
 135 00000000000000000000000000000000000000000000000000000000000000000000000000000000000000000000000000000000000000000000000000000
 134 00000000000000000000000000000000000000000000000000000000000000000000000000000000000000000000000000000000000000000000000000000
 133 00000000000000000000000000000000000000000000000000000000000000000000000000000000000000000000000000000000000000000000000000000
 132 00000000000000000000000000000000000000000000000000000000000000000000000000000000000000000000000000000000000000000000000000000
 131 00000000000000000000000000000000000000000000000000000000000000000000000000000000000000000000000000000000000000000000000000000
 130 00000000000000000000000000000000000000000000000000000000000000000000000000000000000000000000000000000000000000000000000000000
 129 00000000000000000000000000000000000000000000000000000000000000000000000000000000000000000000000000000000000000000000000000000
 128 00000000000000000000000000000000000000000000000000000000000000000000000000000000000000000000000000000000000000000000000000000
 127 00000000000000000000000000000000000000000000000000000000000000000000000000000000000000000000000000000000000000000000000000000
 126 00000000000000000000000000000000000000000000000000000000000000000000000000000000000000000000000000000000000000000000000000000
 125 00000000000000000000000000000000000000000000000000000000000000000000000000000000000000000000000000000000000000000000000000000
 124 00000000000000000000000000000000000000000000000000000000000000000000000000000000000000000000000000000000000000000000000000000
 123 00000000000000000000000000000000000000000000000000000000000000000000000000000000000000000000000000000000000000000000000000000
 122 00000000000000000000000000000000000000000000000000000000000000000000000000000000000000000000000000000000000000000000000000000
 121 00000000000000000000000000000000000000000000000000000000000000000000000000000000000000000000000000000000000000000000000000000
 120 00000000000000000000000000000000000000000000000000000000000000000000000000000000000000000000000000000000000000000000000000000
 119 00000000000000000000000000000000000000000000000000000000000000000000000000000000000000000000000000000000000000000000000000000
 118 00000000000000000000000000000000000000000000000000000000000000000000000000000000000000000000000000000000000000000000000000000
 117 00000000000000000000000000000000000000000000000000000000000000000000000000000000000000000000000000000000000000000000000000000
 116 00000000000000000000000000000000000000000000000000000000000000000000000000000000000000000000000000000000000000000000000000000
 115 00000000000000000000000000000000000000000000000000000000000000000000000000000000000000000000000000000000000000000000000000000
 114 00000000000000000000000000000000000000000000000000000000000000000000000000000000000000000000000000000000000000000000000000000
 113 00000000000000000000000000000000000000000000000000000000000000000000000000000000000000000000000000000000000000000000000000000
 112 00000000000000000000000000000000000000000000000000000000000000000000000000000000000000000000000000000000000000000000000000000
 111 00000000000000000000000000000000000000000000000000000000000000000000000000000000000000000000000000000000000000000000000000000
 110 00000000000000000000000000000000000000000000000000000000000000000000000000000000000000000000000000000000000000000000000000000
 109 00000000000000000000000000000000000000000000000000000000000000000000000000000000000000000000000000000000000000000000000000000
 108 00000000000000000000000000000000000000000000000000000000000000000000000000000000000000000000000000000000000000000000000000000
 107 00000000000000000000000000000000000000000000000000000000000000000000000000000000000000000000000000000000000000000000000000000
 106 00000000000000000000000000000000000000000000000000000000000000000000000000000000000000000000000000000000000000000000000000000
 105 00000000000000000000000000000000000000000000000000000000000000000000000000000000000000000000000000000000000000000000000000000
 104 00000000000000000000000000000000000000000000000000000000000000000000000000000000000000000000000000000000000000000000000000000
 103 00000000000000000000000000000000000000000000000000000000000000000000000000000000000000000000000000000000000000000000000000000
 102 00000000000000000000000000000000000000000000000000000000000000000000000000000000000000000000000000000000000000000000000000000
 101 00000000000000000000000000000000000000000000000000000000000000000000000000000000000000000000000000000000000000000000000000000
 100 00000000000000000000000000000000000000000000000000000000000000000000000000000000000000000000000000000000000000000000000000000
  99 00000000000000000000000000000000000000000000000000000000000000000000000000000000000000000000000000000000000000000000000000000
  98 00000000000000000000000000000000000000000000000000000000000000000000000000000000000000000000000000000000000000000000000000000
  97 00000000000000000000000000000000000000000000000000000000000000000000000000000000000000000000000000000000000000000000000000000
  96 00000000000000000000000000000000000000000000000000000000000000000000000000000000000000000000000000000000000000000000000000000
  95 00000000000000000000000000000000000000000000000000000000000000000000000000000000000000000000000000000000000000000000000000000
  94 00000000000000000000000000000000000000000000000000000000000000000000000000000000000000000000000000000000000000000000000000000
  93 00000000000000000000000000000000000000000000000000000000000000000000000000000000000000000000000000000000000000000000000000000
  92 00000000000000000000000000000000000000000000000000000000000000000000000000000000000000000000000000000000000000000000000000000
  91 00000000000000000000000000000000000000000000000000000000000000000000000000000000000000000000000000000000000000000000000000000
  90 00000000000000000000000000000000000000000000000000000000000000000000000000000000000000000000000000000000000000000000000000000
  89 00000000000000000000000000000000000000000000000000000000000000000000000000000000000000000000000000000000000000000000000000000
  88 00000000000000000000000000000000000000000000000000000000000000000000000000000000000000000000000000000000000000000000000000000
  87 00000000000000000000000000000000000000000000000000000000000000000000000000000000000000000000000000000000000000000000000000000
  86 00000000000000000000000000000000000000000000000000000000000000000000000000000000000000000000000000000000000000000000000000000
  85 00000000000000000000000000000000000000000000000000000000000000000000000000000000000000000000000000000000000000000000000000000
  84 00000000000000000000000000000000000000000000000000000000000000000000000000000000000000000000000000000000000000000000000000000
  83 00000000000000000000000000000000000000000000000000000000000000000000000000000000000000000000000000000000000000000000000000000
  82 00000000000000000000000000000000000000000000000000000000000000000000000000000000000000000000000000000000000000000000000000000
  81 00000000000000000000000000000000000000000000000000000000000000000000000000000000000000000000000000000000000000000000000000000
  80 00000000000000000000000000000000000000000000000000000000000000000000000000000000000000000000000000000000000000000000000000000
  79 00000000000000000000000000000000000000000000000000000000000000000000000000000000000000000000000000000000000000000000000000000
  78 00000000000000000000000000000000000000000000000000000000000000000000000000000000000000000000000000000000000000000000000000000
  77 00000000000000000000000000000000000000000000000000000000000000000000000000000000000000000000000000000000000000000000000000000
  76 00000000000000000000000000000000000000000000000000000000000000000000000000000000000000000000000000000000000000000000000000000
  75 00000000000000000000000000000000000000000000000000000000000000000000000000000000000000000000000000000000000000000000000000000
  74 00000000000000000000000000000000000000000000000000000000000000000000000000000000000000000000000000000000000000000000000000000
  73 00000000000000000000000000000000000000000000000000000000000000000000000000000000000000000000000000000000000000000000000000000
  72 00000000000000000000000000000000000000000000000000000000000000000000000000000000000000000000000000000000000000000000000000000
  71 00000000000000000000000000000000000000000000000000000000000000000000000000000000000000000000000000000000000000000000000000000
  70 00000000000000000000000000000000000000000000000000000000000000000000000000000000000000000000000000000000000000000000000000000
  69 00000000000000000000000000000000000000000000000000000000000000000000000000000000000000000000000000000000000000000000000000000
  68 00000000000000000000000000000000000000000000000000000000000000000000000000000000000000000000000000000000000000000000000000000
  67 00000000000000000000000000000000000000000000000000000000000000000000000000000000000000000000000000000000000000000000000000000
  66 00000000000000000000000000000000000000000000000000000000000000000000000000000000000000000000000000000000000000000000000000000
  65 00000000000000000000000000000000000000000000000000000000000000000000000000000000000000000000000000000000000000000000000000000
  64 00000000000000000000000000000000000000000000000000000000000000000000000000000000000000000000000000000000000000000000000000000
  63 00000000000000000000000000000000000000000000000000000000000000000000000000000000000000000000000000000000000000000000000000000
  62 00000000000000000000000000000000000000000000000000000000000000000000000000000000000000000000000000000000000000000000000000000
  61 00000000000000000000000000000000000000000000000000000000000000000000000000000000000000000000000000000000000000000000000000000
  60 00000000000000000000000000000000000000000000000000000000000000000000000000000000000000000000000000000000000000000000000000000
  59 00000000000000000000000000000000000000000000000000000000000000000000000000000000000000000000000000000000000000000000000000000
  58 00000000000000000000000000000000000000000000000000000000000000000000000000000000000000000000000000000000000000000000000000000
  57 00000000000000000000000000000000000000000000000000000000000000000000000000000000000000000000000000000000000000000000000000000
  56 00000000000000000000000000000000000000000000000000000000000000000000000000000000000000000000000000000000000000000000000000000
  55 00000000000000000000000000000000000000000000000000000000000000000000000000000000000000000000000000000000000000000000000000000
  54 00000000000000000000000000000000000000000000000000000000000000000000000000000000000000000000000000000000000000000000000000000
  53 00000000000000000000000000000000000000000000000000000000000000000000000000000000000000000000000000000000000000000000000000000
  52 00000000000000000000000000000000000000000000000000000000000000000000000000000000000000000000000000000000000000000000000000000
  51 00000000000000000000000000000000000000000000000000000000000000000000000000000000000000000000000000000000000000000000000000000
  50 00000000000000000000000000000000000000000000000000000000000000000000000000000000000000000000000000000000000000000000000000000
  49 00000000000000000000000000000000000000000000000000000000000000000000000000000000000000000000000000000000000000000000000000000
  48 00000000000000000000000000000000000000000000000000000000000000000000000000000000000000000000000000000000000000000000000000000
  47 00000000000000000000000000000000000000000000000000000000000000000000000000000000000000000000000000000000000000000000000000000
  46 00000000000000000000000000000000000000000000000000000000000000000000000000000000000000000000000000000000000000000000000000000
  45 00000000000000000000000000000000000000000000000000000000000000000000000000000000000000000000000000000000000000000000000000000
  44 00000000000000000000000000000000000000000000000000000000000000000000000000000000000000000000000000000000000000000000000000000
  43 00000000000000000000000000000000000000000000000000000000000000000000000000000000000000000000000000000000000000000000000000000
  42 00000000000000000000000000000000000000000000000000000000000000000000000000000000000000000000000000000000000000000000000000000
  41 00000000000000000000000000000000000000000000000000000000000000000000000000000000000000000000000000000000000000000000000000000
  40 00000000000000000000000000000000000000000000000000000000000000000000000000000000000000000000000000000000000000000000000000000
  39 00000000000000000000000000000000000000000000000000000000000000000000000000000000000000000000000000000000000000000000000000000
  38 00000000000000000000000000000000000000000000000000000000000000000000000000000000000000000000000000000000000000000000000000000
  37 00000000000000000000000000000000000000000000000000000000000000000000000000000000000000000000000000000000000000000000000000000
  36 00000000000000000000000000000000000000000000000000000000000000000000000000000000000000000000000000000000000000000000000000000
  35 00000000000000000000000000000000000000000000000000000000000000000000000000000000000000000000000000000000000000000000000000000
  34 00000000000000000000000000000000000000000000000000000000000000000000000000000000000000000000000000000000000000000000000000000
  33 00000000000000000000000000000000000000000000000000000000000000000000000000000000000000000000000000000000000000000000000000000
  32 00000000000000000000000000000000000000000000000000000000000000000000000000000000000000000000000000000000000000000000000000000
  31 00000000000000000000000000000000000000000000000000000000000000000000000000000000000000000000000000000000000000000000000000000
  30 00000000000000000000000000000000000000000000000000000000000000000000000000000000000000000000000000000000000000000000000000000
  29 00000000000000000000000000000000000000000000000000000000000000000000000000000000000000000000000000000000000000000000000000000
  28 00000000000000000000000000000000000000000000000000000000000000000000000000000000000000000000000000000000000000000000000000000
  27 00000000000000000000000000000000000000000000000000000000000000000000000000000000000000000000000000000000000000000000000000000
  26 00000000000000000000000000000000000000000000000000000000000000000000000000000000000000000000000000000000000000000000000000000
  25 00000000000000000000000000000000000000000000000000000000000000000000000000000000000000000000000000000000000000000000000000000
  24 00000000000000000000000000000000000000000000000000000000000000000000000000000000000000000000000000000000000000000000000000000
  23 00000000000000000000000000000000000000000000000000000000000000000000000000000000000000000000000000000000000000000000000000000
  22 00000000000000000000000000000000000000000000000000000000000000000000000000000000000000000000000000000000000000000000000000000
  21 00000000000000000000000000000000000000000000000000000000000000000000000000000000000000000000000000000000000000000000000000000
  20 00000000000000000000000000000000000000000000000000000000000000000000000000000000000000000000000000000000000000000000000000000
  19 00000000000000000000000000000000000000000000000000000000000000000000000000000000000000000000000000000000000000000000000000000
  18 00000000000000000000000000000000000000000000000000000000000000000000000000000000000000000000000000000000000000000000000000000
  17 00000000000000000000000000000000000000000000000000000000000000000000000000000000000000000000000000000000000000000000000000000
  16 00000000000000000000000000000000000000000000000000000000000000000000000000000000000000000000000000000000000000000000000000000
  15 00000000000000000000000000000000000000000000000000000000000000000000000000000000000000000000000000000000000000000000000000000
  14 00000000000000000000000000000000000000000000000000000000000000000000000000000000000000000000000000000000000000000000000000000
  13 00000000000000000000000000000000000000000000000000000000000000000000000000000000000000000000000000000000000000000000000000000
  12 00000000000000000000000000000000000000000000000000000000000000000000000000000000000000000000000000000000000000000000000000000
  11 00000000000000000000000000000000000000000000000000000000000000000000000000000000000000000000000000000000000000000000000000000
  10 00000000000000000000000000000000000000000000000000000000000000000000000000000000000000000000000000000000000000000000000000000
   9 00000000000000000000000000000000000000000000000000000000000000000000000000000000000000000000000000000000000000000000000000000
   8 00000000000000000000000000000000000000000000000000000000000000000000000000000000000000000000000000000000000000000000000000000
   7 00000000000000000000000000000000000000000000000000000000000000000000000000000000000000000000000000000000000000000000000000000
   6 00000000000000000000000000000000000000000000000000000000000000000000000000000000000000000000000000000000000000000000000000000
   5 00000000000000000000000000000000000000000000000000000000000000000000000000000000000000000000000000000000000000000000000000000
   4 00000000000000000000000000000000000000000000000000000000000000000000000000000000000000000000000000000000000000000000000000000
   3 00000000000000000000000000000000000000000000000000000000000000000000000000000000000000000000000000000000000000000000000000000
   2 *****************************************************************************************************************************
   1 11111111111111111111111111111111111111111111111111111111111111111111111111111111111111111111111111111111111111111111111111111
       255  260  265  270  275  280  285  290  295  300  305  310  315  320  325  330  335  340  345  350  355  360  365  370  375
  
       380  385  390  395  400  405  410  415  420  425  430  435  440  445  450  455  460  465  470  475  480  485  490  495  500
 402 11111111111111111111111111111111111111111111111111111111111111111111111111111111111111111111111111111111111111111111111111111
 401 *****************************************************************************************************************************
 400 00000000000000000000000000000000000000000000000000000000000000000000000000000000000000000000000000000000000000000000000000000
 399 00000000000000000000000000000000000000000000000000000000000000000000000000000000000000000000000000000000000000000000000000000
 398 00000000000000000000000000000000000000000000000000000000000000000000000000000000000000000000000000000000000000000000000000000
 397 00000000000000000000000000000000000000000000000000000000000000000000000000000000000000000000000000000000000000000000000000000
 396 00000000000000000000000000000000000000000000000000000000000000000000000000000000000000000000000000000000000000000000000000000
 395 00000000000000000000000000000000000000000000000000000000000000000000000000000000000000000000000000000000000000000000000000000
 394 00000000000000000000000000000000000000000000000000000000000000000000000000000000000000000000000000000000000000000000000000000
 393 00000000000000000000000000000000000000000000000000000000000000000000000000000000000000000000000000000000000000000000000000000
 392 00000000000000000000000000000000000000000000000000000000000000000000000000000000000000000000000000000000000000000000000000000
 391 00000000000000000000000000000000000000000000000000000000000000000000000000000000000000000000000000000000000000000000000000000
 390 00000000000000000000000000000000000000000000000000000000000000000000000000000000000000000000000000000000000000000000000000000
 389 00000000000000000000000000000000000000000000000000000000000000000000000000000000000000000000000000000000000000000000000000000
 388 00000000000000000000000000000000000000000000000000000000000000000000000000000000000000000000000000000000000000000000000000000
 387 00000000000000000000000000000000000000000000000000000000000000000000000000000000000000000000000000000000000000000000000000000
 386 00000000000000000000000000000000000000000000000000000000000000000000000000000000000000000000000000000000000000000000000000000
 385 00000000000000000000000000000000000000000000000000000000000000000000000000000000000000000000000000000000000000000000000000000
 384 00000000000000000000000000000000000000000000000000000000000000000000000000000000000000000000000000000000000000000000000000000
 383 00000000000000000000000000000000000000000000000000000000000000000000000000000000000000000000000000000000000000000000000000000
 382 00000000000000000000000000000000000000000000000000000000000000000000000000000000000000000000000000000000000000000000000000000
 381 00000000000000000000000000000000000000000000000000000000000000000000000000000000000000000000000000000000000000000000000000000
 380 00000000000000000000000000000000000000000000000000000000000000000000000000000000000000000000000000000000000000000000000000000
 379 00000000000000000000000000000000000000000000000000000000000000000000000000000000000000000000000000000000000000000000000000000
 378 00000000000000000000000000000000000000000000000000000000000000000000000000000000000000000000000000000000000000000000000000000
 377 00000000000000000000000000000000000000000000000000000000000000000000000000000000000000000000000000000000000000000000000000000
 376 00000000000000000000000000000000000000000000000000000000000000000000000000000000000000000000000000000000000000000000000000000
 375 00000000000000000000000000000000000000000000000000000000000000000000000000000000000000000000000000000000000000000000000000000
 374 00000000000000000000000000000000000000000000000000000000000000000000000000000000000000000000000000000000000000000000000000000
 373 00000000000000000000000000000000000000000000000000000000000000000000000000000000000000000000000000000000000000000000000000000
 372 00000000000000000000000000000000000000000000000000000000000000000000000000000000000000000000000000000000000000000000000000000
 371 00000000000000000000000000000000000000000000000000000000000000000000000000000000000000000000000000000000000000000000000000000
 370 00000000000000000000000000000000000000000000000000000000000000000000000000000000000000000000000000000000000000000000000000000
 369 00000000000000000000000000000000000000000000000000000000000000000000000000000000000000000000000000000000000000000000000000000
 368 00000000000000000000000000000000000000000000000000000000000000000000000000000000000000000000000000000000000000000000000000000
 367 00000000000000000000000000000000000000000000000000000000000000000000000000000000000000000000000000000000000000000000000000000
 366 00000000000000000000000000000000000000000000000000000000000000000000000000000000000000000000000000000000000000000000000000000
 365 00000000000000000000000000000000000000000000000000000000000000000000000000000000000000000000000000000000000000000000000000000
 364 00000000000000000000000000000000000000000000000000000000000000000000000000000000000000000000000000000000000000000000000000000
 363 00000000000000000000000000000000000000000000000000000000000000000000000000000000000000000000000000000000000000000000000000000
 362 00000000000000000000000000000000000000000000000000000000000000000000000000000000000000000000000000000000000000000000000000000
 361 00000000000000000000000000000000000000000000000000000000000000000000000000000000000000000000000000000000000000000000000000000
 360 00000000000000000000000000000000000000000000000000000000000000000000000000000000000000000000000000000000000000000000000000000
 359 00000000000000000000000000000000000000000000000000000000000000000000000000000000000000000000000000000000000000000000000000000
 358 00000000000000000000000000000000000000000000000000000000000000000000000000000000000000000000000000000000000000000000000000000
 357 00000000000000000000000000000000000000000000000000000000000000000000000000000000000000000000000000000000000000000000000000000
 356 00000000000000000000000000000000000000000000000000000000000000000000000000000000000000000000000000000000000000000000000000000
 355 00000000000000000000000000000000000000000000000000000000000000000000000000000000000000000000000000000000000000000000000000000
 354 00000000000000000000000000000000000000000000000000000000000000000000000000000000000000000000000000000000000000000000000000000
 353 00000000000000000000000000000000000000000000000000000000000000000000000000000000000000000000000000000000000000000000000000000
 352 00000000000000000000000000000000000000000000000000000000000000000000000000000000000000000000000000000000000000000000000000000
 351 00000000000000000000000000000000000000000000000000000000000000000000000000000000000000000000000000000000000000000000000000000
 350 00000000000000000000000000000000000000000000000000000000000000000000000000000000000000000000000000000000000000000000000000000
 349 00000000000000000000000000000000000000000000000000000000000000000000000000000000000000000000000000000000000000000000000000000
 348 00000000000000000000000000000000000000000000000000000000000000000000000000000000000000000000000000000000000000000000000000000
 347 00000000000000000000000000000000000000000000000000000000000000000000000000000000000000000000000000000000000000000000000000000
 346 00000000000000000000000000000000000000000000000000000000000000000000000000000000000000000000000000000000000000000000000000000
 345 00000000000000000000000000000000000000000000000000000000000000000000000000000000000000000000000000000000000000000000000000000
 344 00000000000000000000000000000000000000000000000000000000000000000000000000000000000000000000000000000000000000000000000000000
 343 00000000000000000000000000000000000000000000000000000000000000000000000000000000000000000000000000000000000000000000000000000
 342 00000000000000000000000000000000000000000000000000000000000000000000000000000000000000000000000000000000000000000000000000000
 341 00000000000000000000000000000000000000000000000000000000000000000000000000000000000000000000000000000000000000000000000000000
 340 00000000000000000000000000000000000000000000000000000000000000000000000000000000000000000000000000000000000000000000000000000
 339 00000000000000000000000000000000000000000000000000000000000000000000000000000000000000000000000000000000000000000000000000000
 338 00000000000000000000000000000000000000000000000000000000000000000000000000000000000000000000000000000000000000000000000000000
 337 00000000000000000000000000000000000000000000000000000000000000000000000000000000000000000000000000000000000000000000000000000
 336 00000000000000000000000000000000000000000000000000000000000000000000000000000000000000000000000000000000000000000000000000000
 335 00000000000000000000000000000000000000000000000000000000000000000000000000000000000000000000000000000000000000000000000000000
 334 00000000000000000000000000000000000000000000000000000000000000000000000000000000000000000000000000000000000000000000000000000
 333 00000000000000000000000000000000000000000000000000000000000000000000000000000000000000000000000000000000000000000000000000000
 332 00000000000000000000000000000000000000000000000000000000000000000000000000000000000000000000000000000000000000000000000000000
 331 00000000000000000000000000000000000000000000000000000000000000000000000000000000000000000000000000000000000000000000000000000
 330 00000000000000000000000000000000000000000000000000000000000000000000000000000000000000000000000000000000000000000000000000000
 329 00000000000000000000000000000000000000000000000000000000000000000000000000000000000000000000000000000000000000000000000000000
 328 00000000000000000000000000000000000000000000000000000000000000000000000000000000000000000000000000000000000000000000000000000
 327 00000000000000000000000000000000000000000000000000000000000000000000000000000000000000000000000000000000000000000000000000000
 326 00000000000000000000000000000000000000000000000000000000000000000000000000000000000000000000000000000000000000000000000000000
 325 00000000000000000000000000000000000000000000000000000000000000000000000000000000000000000000000000000000000000000000000000000
 324 00000000000000000000000000000000000000000000000000000000000000000000000000000000000000000000000000000000000000000000000000000
 323 00000000000000000000000000000000000000000000000000000000000000000000000000000000000000000000000000000000000000000000000000000
 322 00000000000000000000000000000000000000000000000000000000000000000000000000000000000000000000000000000000000000000000000000000
 321 00000000000000000000000000000000000000000000000000000000000000000000000000000000000000000000000000000000000000000000000000000
 320 00000000000000000000000000000000000000000000000000000000000000000000000000000000000000000000000000000000000000000000000000000
 319 00000000000000000000000000000000000000000000000000000000000000000000000000000000000000000000000000000000000000000000000000000
 318 00000000000000000000000000000000000000000000000000000000000000000000000000000000000000000000000000000000000000000000000000000
 317 00000000000000000000000000000000000000000000000000000000000000000000000000000000000000000000000000000000000000000000000000000
 316 00000000000000000000000000000000000000000000000000000000000000000000000000000000000000000000000000000000000000000000000000000
 315 00000000000000000000000000000000000000000000000000000000000000000000000000000000000000000000000000000000000000000000000000000
 314 00000000000000000000000000000000000000000000000000000000000000000000000000000000000000000000000000000000000000000000000000000
 313 00000000000000000000000000000000000000000000000000000000000000000000000000000000000000000000000000000000000000000000000000000
 312 00000000000000000000000000000000000000000000000000000000000000000000000000000000000000000000000000000000000000000000000000000
 311 00000000000000000000000000000000000000000000000000000000000000000000000000000000000000000000000000000000000000000000000000000
 310 00000000000000000000000000000000000000000000000000000000000000000000000000000000000000000000000000000000000000000000000000000
 309 00000000000000000000000000000000000000000000000000000000000000000000000000000000000000000000000000000000000000000000000000000
 308 00000000000000000000000000000000000000000000000000000000000000000000000000000000000000000000000000000000000000000000000000000
 307 00000000000000000000000000000000000000000000000000000000000000000000000000000000000000000000000000000000000000000000000000000
 306 00000000000000000000000000000000000000000000000000000000000000000000000000000000000000000000000000000000000000000000000000000
 305 00000000000000000000000000000000000000000000000000000000000000000000000000000000000000000000000000000000000000000000000000000
 304 00000000000000000000000000000000000000000000000000000000000000000000000000000000000000000000000000000000000000000000000000000
 303 00000000000000000000000000000000000000000000000000000000000000000000000000000000000000000000000000000000000000000000000000000
 302 00000000000000000000000000000000000000000000000000000000000000000000000000000000000000000000000000000000000000000000000000000
 301 00000000000000000000000000000000000000000000000000000000000000000000000000000000000000000000000000000000000000000000000000000
 300 00000000000000000000000000000000000000000000000000000000000000000000000000000000000000000000000000000000000000000000000000000
 299 00000000000000000000000000000000000000000000000000000000000000000000000000000000000000000000000000000000000000000000000000000
 298 00000000000000000000000000000000000000000000000000000000000000000000000000000000000000000000000000000000000000000000000000000
 297 00000000000000000000000000000000000000000000000000000000000000000000000000000000000000000000000000000000000000000000000000000
 296 00000000000000000000000000000000000000000000000000000000000000000000000000000000000000000000000000000000000000000000000000000
 295 00000000000000000000000000000000000000000000000000000000000000000000000000000000000000000000000000000000000000000000000000000
 294 00000000000000000000000000000000000000000000000000000000000000000000000000000000000000000000000000000000000000000000000000000
 293 00000000000000000000000000000000000000000000000000000000000000000000000000000000000000000000000000000000000000000000000000000
 292 00000000000000000000000000000000000000000000000000000000000000000000000000000000000000000000000000000000000000000000000000000
 291 00000000000000000000000000000000000000000000000000000000000000000000000000000000000000000000000000000000000000000000000000000
 290 00000000000000000000000000000000000000000000000000000000000000000000000000000000000000000000000000000000000000000000000000000
 289 00000000000000000000000000000000000000000000000000000000000000000000000000000000000000000000000000000000000000000000000000000
 288 00000000000000000000000000000000000000000000000000000000000000000000000000000000000000000000000000000000000000000000000000000
 287 00000000000000000000000000000000000000000000000000000000000000000000000000000000000000000000000000000000000000000000000000000
 286 00000000000000000000000000000000000000000000000000000000000000000000000000000000000000000000000000000000000000000000000000000
 285 00000000000000000000000000000000000000000000000000000000000000000000000000000000000000000000000000000000000000000000000000000
 284 00000000000000000000000000000000000000000000000000000000000000000000000000000000000000000000000000000000000000000000000000000
 283 00000000000000000000000000000000000000000000000000000000000000000000000000000000000000000000000000000000000000000000000000000
 282 00000000000000000000000000000000000000000000000000000000000000000000000000000000000000000000000000000000000000000000000000000
 281 00000000000000000000000000000000000000000000000000000000000000000000000000000000000000000000000000000000000000000000000000000
 280 00000000000000000000000000000000000000000000000000000000000000000000000000000000000000000000000000000000000000000000000000000
 279 00000000000000000000000000000000000000000000000000000000000000000000000000000000000000000000000000000000000000000000000000000
 278 00000000000000000000000000000000000000000000000000000000000000000000000000000000000000000000000000000000000000000000000000000
 277 00000000000000000000000000000000000000000000000000000000000000000000000000000000000000000000000000000000000000000000000000000
 276 00000000000000000000000000000000000000000000000000000000000000000000000000000000000000000000000000000000000000000000000000000
 275 00000000000000000000000000000000000000000000000000000000000000000000000000000000000000000000000000000000000000000000000000000
 274 00000000000000000000000000000000000000000000000000000000000000000000000000000000000000000000000000000000000000000000000000000
 273 00000000000000000000000000000000000000000000000000000000000000000000000000000000000000000000000000000000000000000000000000000
 272 00000000000000000000000000000000000000000000000000000000000000000000000000000000000000000000000000000000000000000000000000000
 271 00000000000000000000000000000000000000000000000000000000000000000000000000000000000000000000000000000000000000000000000000000
 270 00000000000000000000000000000000000000000000000000000000000000000000000000000000000000000000000000000000000000000000000000000
 269 00000000000000000000000000000000000000000000000000000000000000000000000000000000000000000000000000000000000000000000000000000
 268 00000000000000000000000000000000000000000000000000000000000000000000000000000000000000000000000000000000000000000000000000000
 267 00000000000000000000000000000000000000000000000000000000000000000000000000000000000000000000000000000000000000000000000000000
 266 00000000000000000000000000000000000000000000000000000000000000000000000000000000000000000000000000000000000000000000000000000
 265 00000000000000000000000000000000000000000000000000000000000000000000000000000000000000000000000000000000000000000000000000000
 264 00000000000000000000000000000000000000000000000000000000000000000000000000000000000000000000000000000000000000000000000000000
 263 00000000000000000000000000000000000000000000000000000000000000000000000000000000000000000000000000000000000000000000000000000
 262 00000000000000000000000000000000000000000000000000000000000000000000000000000000000000000000000000000000000000000000000000000
 261 00000000000000000000000000000000000000000000000000000000000000000000000000000000000000000000000000000000000000000000000000000
 260 00000000000000000000000000000000000000000000000000000000000000000000000000000000000000000000000000000000000000000000000000000
 259 00000000000000000000000000000000000000000000000000000000000000000000000000000000000000000000000000000000000000000000000000000
 258 00000000000000000000000000000000000000000000000000000000000000000000000000000000000000000000000000000000000000000000000000000
 257 00000000000000000000000000000000000000000000000000000000000000000000000000000000000000000000000000000000000000000000000000000
 256 00000000000000000000000000000000000000000000000000000000000000000000000000000000000000000000000000000000000000000000000000000
 255 00000000000000000000000000000000000000000000000000000000000000000000000000000000000000000000000000000000000000000000000000000
 254 00000000000000000000000000000000000000000000000000000000000000000000000000000000000000000000000000000000000000000000000000000
 253 00000000000000000000000000000000000000000000000000000000000000000000000000000000000000000000000000000000000000000000000000000
 252 00000000000000000000000000000000000000000000000000000000000000000000000000000000000000000000000000000000000000000000000000000
 251 00000000000000000000000000000000000000000000000000000000000000000000000000000000000000000000000000000000000000000000000000000
 250 00000000000000000000000000000000000000000000000000000000000000000000000000000000000000000000000000000000000000000000000000000
 249 00000000000000000000000000000000000000000000000000000000000000000000000000000000000000000000000000000000000000000000000000000
 248 00000000000000000000000000000000000000000000000000000000000000000000000000000000000000000000000000000000000000000000000000000
 247 00000000000000000000000000000000000000000000000000000000000000000000000000000000000000000000000000000000000000000000000000000
 246 00000000000000000000000000000000000000000000000000000000000000000000000000000000000000000000000000000000000000000000000000000
 245 00000000000000000000000000000000000000000000000000000000000000000000000000000000000000000000000000000000000000000000000000000
 244 00000000000000000000000000000000000000000000000000000000000000000000000000000000000000000000000000000000000000000000000000000
 243 00000000000000000000000000000000000000000000000000000000000000000000000000000000000000000000000000000000000000000000000000000
 242 00000000000000000000000000000000000000000000000000000000000000000000000000000000000000000000000000000000000000000000000000000
 241 00000000000000000000000000000000000000000000000000000000000000000000000000000000000000000000000000000000000000000000000000000
 240 00000000000000000000000000000000000000000000000000000000000000000000000000000000000000000000000000000000000000000000000000000
 239 00000000000000000000000000000000000000000000000000000000000000000000000000000000000000000000000000000000000000000000000000000
 238 00000000000000000000000000000000000000000000000000000000000000000000000000000000000000000000000000000000000000000000000000000
 237 00000000000000000000000000000000000000000000000000000000000000000000000000000000000000000000000000000000000000000000000000000
 236 00000000000000000000000000000000000000000000000000000000000000000000000000000000000000000000000000000000000000000000000000000
 235 00000000000000000000000000000000000000000000000000000000000000000000000000000000000000000000000000000000000000000000000000000
 234 00000000000000000000000000000000000000000000000000000000000000000000000000000000000000000000000000000000000000000000000000000
 233 00000000000000000000000000000000000000000000000000000000000000000000000000000000000000000000000000000000000000000000000000000
 232 00000000000000000000000000000000000000000000000000000000000000000000000000000000000000000000000000000000000000000000000000000
 231 00000000000000000000000000000000000000000000000000000000000000000000000000000000000000000000000000000000000000000000000000000
 230 00000000000000000000000000000000000000000000000000000000000000000000000000000000000000000000000000000000000000000000000000000
 229 00000000000000000000000000000000000000000000000000000000000000000000000000000000000000000000000000000000000000000000000000000
 228 00000000000000000000000000000000000000000000000000000000000000000000000000000000000000000000000000000000000000000000000000000
 227 00000000000000000000000000000000000000000000000000000000000000000000000000000000000000000000000000000000000000000000000000000
 226 00000000000000000000000000000000000000000000000000000000000000000000000000000000000000000000000000000000000000000000000000000
 225 00000000000000000000000000000000000000000000000000000000000000000000000000000000000000000000000000000000000000000000000000000
 224 00000000000000000000000000000000000000000000000000000000000000000000000000000000000000000000000000000000000000000000000000000
 223 00000000000000000000000000000000000000000000000000000000000000000000000000000000000000000000000000000000000000000000000000000
 222 00000000000000000000000000000000000000000000000000000000000000000000000000000000000000000000000000000000000000000000000000000
 221 00000000000000000000000000000000000000000000000000000000000000000000000000000000000000000000000000000000000000000000000000000
 220 00000000000000000000000000000000000000000000000000000000000000000000000000000000000000000000000000000000000000000000000000000
 219 00000000000000000000000000000000000000000000000000000000000000000000000000000000000000000000000000000000000000000000000000000
 218 00000000000000000000000000000000000000000000000000000000000000000000000000000000000000000000000000000000000000000000000000000
 217 00000000000000000000000000000000000000000000000000000000000000000000000000000000000000000000000000000000000000000000000000000
 216 00000000000000000000000000000000000000000000000000000000000000000000000000000000000000000000000000000000000000000000000000000
 215 00000000000000000000000000000000000000000000000000000000000000000000000000000000000000000000000000000000000000000000000000000
 214 00000000000000000000000000000000000000000000000000000000000000000000000000000000000000000000000000000000000000000000000000000
 213 00000000000000000000000000000000000000000000000000000000000000000000000000000000000000000000000000000000000000000000000000000
 212 00000000000000000000000000000000000000000000000000000000000000000000000000000000000000000000000000000000000000000000000000000
 211 00000000000000000000000000000000000000000000000000000000000000000000000000000000000000000000000000000000000000000000000000000
 210 00000000000000000000000000000000000000000000000000000000000000000000000000000000000000000000000000000000000000000000000000000
 209 00000000000000000000000000000000000000000000000000000000000000000000000000000000000000000000000000000000000000000000000000000
 208 00000000000000000000000000000000000000000000000000000000000000000000000000000000000000000000000000000000000000000000000000000
 207 00000000000000000000000000000000000000000000000000000000000000000000000000000000000000000000000000000000000000000000000000000
 206 00000000000000000000000000000000000000000000000000000000000000000000000000000000000000000000000000000000000000000000000000000
 205 00000000000000000000000000000000000000000000000000000000000000000000000000000000000000000000000000000000000000000000000000000
 204 00000000000000000000000000000000000000000000000000000000000000000000000000000000000000000000000000000000000000000000000000000
 203 00000000000000000000000000000000000000000000000000000000000000000000000000000000000000000000000000000000000000000000000000000
 202 00000000000000000000000000000000000000000000000000000000000000000000000000000000000000000000000000000000000000000000000000000
 201 00000000000000000000000000000000000000000000000000000000000000000000000000000000000000000000000000000000000000000000000000000
 200 00000000000000000000000000000000000000000000000000000000000000000000000000000000000000000000000000000000000000000000000000000
 199 00000000000000000000000000000000000000000000000000000000000000000000000000000000000000000000000000000000000000000000000000000
 198 00000000000000000000000000000000000000000000000000000000000000000000000000000000000000000000000000000000000000000000000000000
 197 00000000000000000000000000000000000000000000000000000000000000000000000000000000000000000000000000000000000000000000000000000
 196 00000000000000000000000000000000000000000000000000000000000000000000000000000000000000000000000000000000000000000000000000000
 195 00000000000000000000000000000000000000000000000000000000000000000000000000000000000000000000000000000000000000000000000000000
 194 00000000000000000000000000000000000000000000000000000000000000000000000000000000000000000000000000000000000000000000000000000
 193 00000000000000000000000000000000000000000000000000000000000000000000000000000000000000000000000000000000000000000000000000000
 192 00000000000000000000000000000000000000000000000000000000000000000000000000000000000000000000000000000000000000000000000000000
 191 00000000000000000000000000000000000000000000000000000000000000000000000000000000000000000000000000000000000000000000000000000
 190 00000000000000000000000000000000000000000000000000000000000000000000000000000000000000000000000000000000000000000000000000000
 189 00000000000000000000000000000000000000000000000000000000000000000000000000000000000000000000000000000000000000000000000000000
 188 00000000000000000000000000000000000000000000000000000000000000000000000000000000000000000000000000000000000000000000000000000
 187 00000000000000000000000000000000000000000000000000000000000000000000000000000000000000000000000000000000000000000000000000000
 186 00000000000000000000000000000000000000000000000000000000000000000000000000000000000000000000000000000000000000000000000000000
 185 00000000000000000000000000000000000000000000000000000000000000000000000000000000000000000000000000000000000000000000000000000
 184 00000000000000000000000000000000000000000000000000000000000000000000000000000000000000000000000000000000000000000000000000000
 183 00000000000000000000000000000000000000000000000000000000000000000000000000000000000000000000000000000000000000000000000000000
 182 00000000000000000000000000000000000000000000000000000000000000000000000000000000000000000000000000000000000000000000000000000
 181 00000000000000000000000000000000000000000000000000000000000000000000000000000000000000000000000000000000000000000000000000000
 180 00000000000000000000000000000000000000000000000000000000000000000000000000000000000000000000000000000000000000000000000000000
 179 00000000000000000000000000000000000000000000000000000000000000000000000000000000000000000000000000000000000000000000000000000
 178 00000000000000000000000000000000000000000000000000000000000000000000000000000000000000000000000000000000000000000000000000000
 177 00000000000000000000000000000000000000000000000000000000000000000000000000000000000000000000000000000000000000000000000000000
 176 00000000000000000000000000000000000000000000000000000000000000000000000000000000000000000000000000000000000000000000000000000
 175 00000000000000000000000000000000000000000000000000000000000000000000000000000000000000000000000000000000000000000000000000000
 174 00000000000000000000000000000000000000000000000000000000000000000000000000000000000000000000000000000000000000000000000000000
 173 00000000000000000000000000000000000000000000000000000000000000000000000000000000000000000000000000000000000000000000000000000
 172 00000000000000000000000000000000000000000000000000000000000000000000000000000000000000000000000000000000000000000000000000000
 171 00000000000000000000000000000000000000000000000000000000000000000000000000000000000000000000000000000000000000000000000000000
 170 00000000000000000000000000000000000000000000000000000000000000000000000000000000000000000000000000000000000000000000000000000
 169 00000000000000000000000000000000000000000000000000000000000000000000000000000000000000000000000000000000000000000000000000000
 168 00000000000000000000000000000000000000000000000000000000000000000000000000000000000000000000000000000000000000000000000000000
 167 00000000000000000000000000000000000000000000000000000000000000000000000000000000000000000000000000000000000000000000000000000
 166 00000000000000000000000000000000000000000000000000000000000000000000000000000000000000000000000000000000000000000000000000000
 165 00000000000000000000000000000000000000000000000000000000000000000000000000000000000000000000000000000000000000000000000000000
 164 00000000000000000000000000000000000000000000000000000000000000000000000000000000000000000000000000000000000000000000000000000
 163 00000000000000000000000000000000000000000000000000000000000000000000000000000000000000000000000000000000000000000000000000000
 162 00000000000000000000000000000000000000000000000000000000000000000000000000000000000000000000000000000000000000000000000000000
 161 00000000000000000000000000000000000000000000000000000000000000000000000000000000000000000000000000000000000000000000000000000
 160 00000000000000000000000000000000000000000000000000000000000000000000000000000000000000000000000000000000000000000000000000000
 159 00000000000000000000000000000000000000000000000000000000000000000000000000000000000000000000000000000000000000000000000000000
 158 00000000000000000000000000000000000000000000000000000000000000000000000000000000000000000000000000000000000000000000000000000
 157 00000000000000000000000000000000000000000000000000000000000000000000000000000000000000000000000000000000000000000000000000000
 156 00000000000000000000000000000000000000000000000000000000000000000000000000000000000000000000000000000000000000000000000000000
 155 00000000000000000000000000000000000000000000000000000000000000000000000000000000000000000000000000000000000000000000000000000
 154 00000000000000000000000000000000000000000000000000000000000000000000000000000000000000000000000000000000000000000000000000000
 153 00000000000000000000000000000000000000000000000000000000000000000000000000000000000000000000000000000000000000000000000000000
 152 00000000000000000000000000000000000000000000000000000000000000000000000000000000000000000000000000000000000000000000000000000
 151 00000000000000000000000000000000000000000000000000000000000000000000000000000000000000000000000000000000000000000000000000000
 150 00000000000000000000000000000000000000000000000000000000000000000000000000000000000000000000000000000000000000000000000000000
 149 00000000000000000000000000000000000000000000000000000000000000000000000000000000000000000000000000000000000000000000000000000
 148 00000000000000000000000000000000000000000000000000000000000000000000000000000000000000000000000000000000000000000000000000000
 147 00000000000000000000000000000000000000000000000000000000000000000000000000000000000000000000000000000000000000000000000000000
 146 00000000000000000000000000000000000000000000000000000000000000000000000000000000000000000000000000000000000000000000000000000
 145 00000000000000000000000000000000000000000000000000000000000000000000000000000000000000000000000000000000000000000000000000000
 144 00000000000000000000000000000000000000000000000000000000000000000000000000000000000000000000000000000000000000000000000000000
 143 00000000000000000000000000000000000000000000000000000000000000000000000000000000000000000000000000000000000000000000000000000
 142 00000000000000000000000000000000000000000000000000000000000000000000000000000000000000000000000000000000000000000000000000000
 141 00000000000000000000000000000000000000000000000000000000000000000000000000000000000000000000000000000000000000000000000000000
 140 00000000000000000000000000000000000000000000000000000000000000000000000000000000000000000000000000000000000000000000000000000
 139 00000000000000000000000000000000000000000000000000000000000000000000000000000000000000000000000000000000000000000000000000000
 138 00000000000000000000000000000000000000000000000000000000000000000000000000000000000000000000000000000000000000000000000000000
 137 00000000000000000000000000000000000000000000000000000000000000000000000000000000000000000000000000000000000000000000000000000
 136 00000000000000000000000000000000000000000000000000000000000000000000000000000000000000000000000000000000000000000000000000000
 135 00000000000000000000000000000000000000000000000000000000000000000000000000000000000000000000000000000000000000000000000000000
 134 00000000000000000000000000000000000000000000000000000000000000000000000000000000000000000000000000000000000000000000000000000
 133 00000000000000000000000000000000000000000000000000000000000000000000000000000000000000000000000000000000000000000000000000000
 132 00000000000000000000000000000000000000000000000000000000000000000000000000000000000000000000000000000000000000000000000000000
 131 00000000000000000000000000000000000000000000000000000000000000000000000000000000000000000000000000000000000000000000000000000
 130 00000000000000000000000000000000000000000000000000000000000000000000000000000000000000000000000000000000000000000000000000000
 129 00000000000000000000000000000000000000000000000000000000000000000000000000000000000000000000000000000000000000000000000000000
 128 00000000000000000000000000000000000000000000000000000000000000000000000000000000000000000000000000000000000000000000000000000
 127 00000000000000000000000000000000000000000000000000000000000000000000000000000000000000000000000000000000000000000000000000000
 126 00000000000000000000000000000000000000000000000000000000000000000000000000000000000000000000000000000000000000000000000000000
 125 00000000000000000000000000000000000000000000000000000000000000000000000000000000000000000000000000000000000000000000000000000
 124 00000000000000000000000000000000000000000000000000000000000000000000000000000000000000000000000000000000000000000000000000000
 123 00000000000000000000000000000000000000000000000000000000000000000000000000000000000000000000000000000000000000000000000000000
 122 00000000000000000000000000000000000000000000000000000000000000000000000000000000000000000000000000000000000000000000000000000
 121 00000000000000000000000000000000000000000000000000000000000000000000000000000000000000000000000000000000000000000000000000000
 120 00000000000000000000000000000000000000000000000000000000000000000000000000000000000000000000000000000000000000000000000000000
 119 00000000000000000000000000000000000000000000000000000000000000000000000000000000000000000000000000000000000000000000000000000
 118 00000000000000000000000000000000000000000000000000000000000000000000000000000000000000000000000000000000000000000000000000000
 117 00000000000000000000000000000000000000000000000000000000000000000000000000000000000000000000000000000000000000000000000000000
 116 00000000000000000000000000000000000000000000000000000000000000000000000000000000000000000000000000000000000000000000000000000
 115 00000000000000000000000000000000000000000000000000000000000000000000000000000000000000000000000000000000000000000000000000000
 114 00000000000000000000000000000000000000000000000000000000000000000000000000000000000000000000000000000000000000000000000000000
 113 00000000000000000000000000000000000000000000000000000000000000000000000000000000000000000000000000000000000000000000000000000
 112 00000000000000000000000000000000000000000000000000000000000000000000000000000000000000000000000000000000000000000000000000000
 111 00000000000000000000000000000000000000000000000000000000000000000000000000000000000000000000000000000000000000000000000000000
 110 00000000000000000000000000000000000000000000000000000000000000000000000000000000000000000000000000000000000000000000000000000
 109 00000000000000000000000000000000000000000000000000000000000000000000000000000000000000000000000000000000000000000000000000000
 108 00000000000000000000000000000000000000000000000000000000000000000000000000000000000000000000000000000000000000000000000000000
 107 00000000000000000000000000000000000000000000000000000000000000000000000000000000000000000000000000000000000000000000000000000
 106 00000000000000000000000000000000000000000000000000000000000000000000000000000000000000000000000000000000000000000000000000000
 105 00000000000000000000000000000000000000000000000000000000000000000000000000000000000000000000000000000000000000000000000000000
 104 00000000000000000000000000000000000000000000000000000000000000000000000000000000000000000000000000000000000000000000000000000
 103 00000000000000000000000000000000000000000000000000000000000000000000000000000000000000000000000000000000000000000000000000000
 102 00000000000000000000000000000000000000000000000000000000000000000000000000000000000000000000000000000000000000000000000000000
 101 00000000000000000000000000000000000000000000000000000000000000000000000000000000000000000000000000000000000000000000000000000
 100 00000000000000000000000000000000000000000000000000000000000000000000000000000000000000000000000000000000000000000000000000000
  99 00000000000000000000000000000000000000000000000000000000000000000000000000000000000000000000000000000000000000000000000000000
  98 00000000000000000000000000000000000000000000000000000000000000000000000000000000000000000000000000000000000000000000000000000
  97 00000000000000000000000000000000000000000000000000000000000000000000000000000000000000000000000000000000000000000000000000000
  96 00000000000000000000000000000000000000000000000000000000000000000000000000000000000000000000000000000000000000000000000000000
  95 00000000000000000000000000000000000000000000000000000000000000000000000000000000000000000000000000000000000000000000000000000
  94 00000000000000000000000000000000000000000000000000000000000000000000000000000000000000000000000000000000000000000000000000000
  93 00000000000000000000000000000000000000000000000000000000000000000000000000000000000000000000000000000000000000000000000000000
  92 00000000000000000000000000000000000000000000000000000000000000000000000000000000000000000000000000000000000000000000000000000
  91 00000000000000000000000000000000000000000000000000000000000000000000000000000000000000000000000000000000000000000000000000000
  90 00000000000000000000000000000000000000000000000000000000000000000000000000000000000000000000000000000000000000000000000000000
  89 00000000000000000000000000000000000000000000000000000000000000000000000000000000000000000000000000000000000000000000000000000
  88 00000000000000000000000000000000000000000000000000000000000000000000000000000000000000000000000000000000000000000000000000000
  87 00000000000000000000000000000000000000000000000000000000000000000000000000000000000000000000000000000000000000000000000000000
  86 00000000000000000000000000000000000000000000000000000000000000000000000000000000000000000000000000000000000000000000000000000
  85 00000000000000000000000000000000000000000000000000000000000000000000000000000000000000000000000000000000000000000000000000000
  84 00000000000000000000000000000000000000000000000000000000000000000000000000000000000000000000000000000000000000000000000000000
  83 00000000000000000000000000000000000000000000000000000000000000000000000000000000000000000000000000000000000000000000000000000
  82 00000000000000000000000000000000000000000000000000000000000000000000000000000000000000000000000000000000000000000000000000000
  81 00000000000000000000000000000000000000000000000000000000000000000000000000000000000000000000000000000000000000000000000000000
  80 00000000000000000000000000000000000000000000000000000000000000000000000000000000000000000000000000000000000000000000000000000
  79 00000000000000000000000000000000000000000000000000000000000000000000000000000000000000000000000000000000000000000000000000000
  78 00000000000000000000000000000000000000000000000000000000000000000000000000000000000000000000000000000000000000000000000000000
  77 00000000000000000000000000000000000000000000000000000000000000000000000000000000000000000000000000000000000000000000000000000
  76 00000000000000000000000000000000000000000000000000000000000000000000000000000000000000000000000000000000000000000000000000000
  75 00000000000000000000000000000000000000000000000000000000000000000000000000000000000000000000000000000000000000000000000000000
  74 00000000000000000000000000000000000000000000000000000000000000000000000000000000000000000000000000000000000000000000000000000
  73 00000000000000000000000000000000000000000000000000000000000000000000000000000000000000000000000000000000000000000000000000000
  72 00000000000000000000000000000000000000000000000000000000000000000000000000000000000000000000000000000000000000000000000000000
  71 00000000000000000000000000000000000000000000000000000000000000000000000000000000000000000000000000000000000000000000000000000
  70 00000000000000000000000000000000000000000000000000000000000000000000000000000000000000000000000000000000000000000000000000000
  69 00000000000000000000000000000000000000000000000000000000000000000000000000000000000000000000000000000000000000000000000000000
  68 00000000000000000000000000000000000000000000000000000000000000000000000000000000000000000000000000000000000000000000000000000
  67 00000000000000000000000000000000000000000000000000000000000000000000000000000000000000000000000000000000000000000000000000000
  66 00000000000000000000000000000000000000000000000000000000000000000000000000000000000000000000000000000000000000000000000000000
  65 00000000000000000000000000000000000000000000000000000000000000000000000000000000000000000000000000000000000000000000000000000
  64 00000000000000000000000000000000000000000000000000000000000000000000000000000000000000000000000000000000000000000000000000000
  63 00000000000000000000000000000000000000000000000000000000000000000000000000000000000000000000000000000000000000000000000000000
  62 00000000000000000000000000000000000000000000000000000000000000000000000000000000000000000000000000000000000000000000000000000
  61 00000000000000000000000000000000000000000000000000000000000000000000000000000000000000000000000000000000000000000000000000000
  60 00000000000000000000000000000000000000000000000000000000000000000000000000000000000000000000000000000000000000000000000000000
  59 00000000000000000000000000000000000000000000000000000000000000000000000000000000000000000000000000000000000000000000000000000
  58 00000000000000000000000000000000000000000000000000000000000000000000000000000000000000000000000000000000000000000000000000000
  57 00000000000000000000000000000000000000000000000000000000000000000000000000000000000000000000000000000000000000000000000000000
  56 00000000000000000000000000000000000000000000000000000000000000000000000000000000000000000000000000000000000000000000000000000
  55 00000000000000000000000000000000000000000000000000000000000000000000000000000000000000000000000000000000000000000000000000000
  54 00000000000000000000000000000000000000000000000000000000000000000000000000000000000000000000000000000000000000000000000000000
  53 00000000000000000000000000000000000000000000000000000000000000000000000000000000000000000000000000000000000000000000000000000
  52 00000000000000000000000000000000000000000000000000000000000000000000000000000000000000000000000000000000000000000000000000000
  51 00000000000000000000000000000000000000000000000000000000000000000000000000000000000000000000000000000000000000000000000000000
  50 00000000000000000000000000000000000000000000000000000000000000000000000000000000000000000000000000000000000000000000000000000
  49 00000000000000000000000000000000000000000000000000000000000000000000000000000000000000000000000000000000000000000000000000000
  48 00000000000000000000000000000000000000000000000000000000000000000000000000000000000000000000000000000000000000000000000000000
  47 00000000000000000000000000000000000000000000000000000000000000000000000000000000000000000000000000000000000000000000000000000
  46 00000000000000000000000000000000000000000000000000000000000000000000000000000000000000000000000000000000000000000000000000000
  45 00000000000000000000000000000000000000000000000000000000000000000000000000000000000000000000000000000000000000000000000000000
  44 00000000000000000000000000000000000000000000000000000000000000000000000000000000000000000000000000000000000000000000000000000
  43 00000000000000000000000000000000000000000000000000000000000000000000000000000000000000000000000000000000000000000000000000000
  42 00000000000000000000000000000000000000000000000000000000000000000000000000000000000000000000000000000000000000000000000000000
  41 00000000000000000000000000000000000000000000000000000000000000000000000000000000000000000000000000000000000000000000000000000
  40 00000000000000000000000000000000000000000000000000000000000000000000000000000000000000000000000000000000000000000000000000000
  39 00000000000000000000000000000000000000000000000000000000000000000000000000000000000000000000000000000000000000000000000000000
  38 00000000000000000000000000000000000000000000000000000000000000000000000000000000000000000000000000000000000000000000000000000
  37 00000000000000000000000000000000000000000000000000000000000000000000000000000000000000000000000000000000000000000000000000000
  36 00000000000000000000000000000000000000000000000000000000000000000000000000000000000000000000000000000000000000000000000000000
  35 00000000000000000000000000000000000000000000000000000000000000000000000000000000000000000000000000000000000000000000000000000
  34 00000000000000000000000000000000000000000000000000000000000000000000000000000000000000000000000000000000000000000000000000000
  33 00000000000000000000000000000000000000000000000000000000000000000000000000000000000000000000000000000000000000000000000000000
  32 00000000000000000000000000000000000000000000000000000000000000000000000000000000000000000000000000000000000000000000000000000
  31 00000000000000000000000000000000000000000000000000000000000000000000000000000000000000000000000000000000000000000000000000000
  30 00000000000000000000000000000000000000000000000000000000000000000000000000000000000000000000000000000000000000000000000000000
  29 00000000000000000000000000000000000000000000000000000000000000000000000000000000000000000000000000000000000000000000000000000
  28 00000000000000000000000000000000000000000000000000000000000000000000000000000000000000000000000000000000000000000000000000000
  27 00000000000000000000000000000000000000000000000000000000000000000000000000000000000000000000000000000000000000000000000000000
  26 00000000000000000000000000000000000000000000000000000000000000000000000000000000000000000000000000000000000000000000000000000
  25 00000000000000000000000000000000000000000000000000000000000000000000000000000000000000000000000000000000000000000000000000000
  24 00000000000000000000000000000000000000000000000000000000000000000000000000000000000000000000000000000000000000000000000000000
  23 00000000000000000000000000000000000000000000000000000000000000000000000000000000000000000000000000000000000000000000000000000
  22 00000000000000000000000000000000000000000000000000000000000000000000000000000000000000000000000000000000000000000000000000000
  21 00000000000000000000000000000000000000000000000000000000000000000000000000000000000000000000000000000000000000000000000000000
  20 00000000000000000000000000000000000000000000000000000000000000000000000000000000000000000000000000000000000000000000000000000
  19 00000000000000000000000000000000000000000000000000000000000000000000000000000000000000000000000000000000000000000000000000000
  18 00000000000000000000000000000000000000000000000000000000000000000000000000000000000000000000000000000000000000000000000000000
  17 00000000000000000000000000000000000000000000000000000000000000000000000000000000000000000000000000000000000000000000000000000
  16 00000000000000000000000000000000000000000000000000000000000000000000000000000000000000000000000000000000000000000000000000000
  15 00000000000000000000000000000000000000000000000000000000000000000000000000000000000000000000000000000000000000000000000000000
  14 00000000000000000000000000000000000000000000000000000000000000000000000000000000000000000000000000000000000000000000000000000
  13 00000000000000000000000000000000000000000000000000000000000000000000000000000000000000000000000000000000000000000000000000000
  12 00000000000000000000000000000000000000000000000000000000000000000000000000000000000000000000000000000000000000000000000000000
  11 00000000000000000000000000000000000000000000000000000000000000000000000000000000000000000000000000000000000000000000000000000
  10 00000000000000000000000000000000000000000000000000000000000000000000000000000000000000000000000000000000000000000000000000000
   9 00000000000000000000000000000000000000000000000000000000000000000000000000000000000000000000000000000000000000000000000000000
   8 00000000000000000000000000000000000000000000000000000000000000000000000000000000000000000000000000000000000000000000000000000
   7 00000000000000000000000000000000000000000000000000000000000000000000000000000000000000000000000000000000000000000000000000000
   6 00000000000000000000000000000000000000000000000000000000000000000000000000000000000000000000000000000000000000000000000000000
   5 00000000000000000000000000000000000000000000000000000000000000000000000000000000000000000000000000000000000000000000000000000
   4 00000000000000000000000000000000000000000000000000000000000000000000000000000000000000000000000000000000000000000000000000000
   3 00000000000000000000000000000000000000000000000000000000000000000000000000000000000000000000000000000000000000000000000000000
   2 *****************************************************************************************************************************
   1 11111111111111111111111111111111111111111111111111111111111111111111111111111111111111111111111111111111111111111111111111111
       380  385  390  395  400  405  410  415  420  425  430  435  440  445  450  455  460  465  470  475  480  485  490  495  500
  
       505  510  515  520  525  530  535  540  545  550  555  560  565  570  575  580  585  590  595  600  605  610  615  620  625
 402 11111111111111111111111111111111111111111111111111111111111111111111111111111111111111111111111111111111111111111111111111
 401 *************************************************************************************************************************1
 400 000000000000000000000000000000000000000000000000000000000000000000000000000000000000000000000000000000000000000000000000*1
 399 000000000000000000000000000000000000000000000000000000000000000000000000000000000000000000000000000000000000000000000000*1
 398 000000000000000000000000000000000000000000000000000000000000000000000000000000000000000000000000000000000000000000000000*1
 397 000000000000000000000000000000000000000000000000000000000000000000000000000000000000000000000000000000000000000000000000*1
 396 000000000000000000000000000000000000000000000000000000000000000000000000000000000000000000000000000000000000000000000000*1
 395 000000000000000000000000000000000000000000000000000000000000000000000000000000000000000000000000000000000000000000000000*1
 394 000000000000000000000000000000000000000000000000000000000000000000000000000000000000000000000000000000000000000000000000*1
 393 000000000000000000000000000000000000000000000000000000000000000000000000000000000000000000000000000000000000000000000000*1
 392 000000000000000000000000000000000000000000000000000000000000000000000000000000000000000000000000000000000000000000000000*1
 391 000000000000000000000000000000000000000000000000000000000000000000000000000000000000000000000000000000000000000000000000*1
 390 000000000000000000000000000000000000000000000000000000000000000000000000000000000000000000000000000000000000000000000000*1
 389 000000000000000000000000000000000000000000000000000000000000000000000000000000000000000000000000000000000000000000000000*1
 388 000000000000000000000000000000000000000000000000000000000000000000000000000000000000000000000000000000000000000000000000*1
 387 000000000000000000000000000000000000000000000000000000000000000000000000000000000000000000000000000000000000000000000000*1
 386 000000000000000000000000000000000000000000000000000000000000000000000000000000000000000000000000000000000000000000000000*1
 385 000000000000000000000000000000000000000000000000000000000000000000000000000000000000000000000000000000000000000000000000*1
 384 000000000000000000000000000000000000000000000000000000000000000000000000000000000000000000000000000000000000000000000000*1
 383 000000000000000000000000000000000000000000000000000000000000000000000000000000000000000000000000000000000000000000000000*1
 382 000000000000000000000000000000000000000000000000000000000000000000000000000000000000000000000000000000000000000000000000*1
 381 000000000000000000000000000000000000000000000000000000000000000000000000000000000000000000000000000000000000000000000000*1
 380 000000000000000000000000000000000000000000000000000000000000000000000000000000000000000000000000000000000000000000000000*1
 379 000000000000000000000000000000000000000000000000000000000000000000000000000000000000000000000000000000000000000000000000*1
 378 000000000000000000000000000000000000000000000000000000000000000000000000000000000000000000000000000000000000000000000000*1
 377 000000000000000000000000000000000000000000000000000000000000000000000000000000000000000000000000000000000000000000000000*1
 376 000000000000000000000000000000000000000000000000000000000000000000000000000000000000000000000000000000000000000000000000*1
 375 000000000000000000000000000000000000000000000000000000000000000000000000000000000000000000000000000000000000000000000000*1
 374 000000000000000000000000000000000000000000000000000000000000000000000000000000000000000000000000000000000000000000000000*1
 373 000000000000000000000000000000000000000000000000000000000000000000000000000000000000000000000000000000000000000000000000*1
 372 000000000000000000000000000000000000000000000000000000000000000000000000000000000000000000000000000000000000000000000000*1
 371 000000000000000000000000000000000000000000000000000000000000000000000000000000000000000000000000000000000000000000000000*1
 370 000000000000000000000000000000000000000000000000000000000000000000000000000000000000000000000000000000000000000000000000*1
 369 000000000000000000000000000000000000000000000000000000000000000000000000000000000000000000000000000000000000000000000000*1
 368 000000000000000000000000000000000000000000000000000000000000000000000000000000000000000000000000000000000000000000000000*1
 367 000000000000000000000000000000000000000000000000000000000000000000000000000000000000000000000000000000000000000000000000*1
 366 000000000000000000000000000000000000000000000000000000000000000000000000000000000000000000000000000000000000000000000000*1
 365 000000000000000000000000000000000000000000000000000000000000000000000000000000000000000000000000000000000000000000000000*1
 364 000000000000000000000000000000000000000000000000000000000000000000000000000000000000000000000000000000000000000000000000*1
 363 000000000000000000000000000000000000000000000000000000000000000000000000000000000000000000000000000000000000000000000000*1
 362 000000000000000000000000000000000000000000000000000000000000000000000000000000000000000000000000000000000000000000000000*1
 361 000000000000000000000000000000000000000000000000000000000000000000000000000000000000000000000000000000000000000000000000*1
 360 000000000000000000000000000000000000000000000000000000000000000000000000000000000000000000000000000000000000000000000000*1
 359 000000000000000000000000000000000000000000000000000000000000000000000000000000000000000000000000000000000000000000000000*1
 358 000000000000000000000000000000000000000000000000000000000000000000000000000000000000000000000000000000000000000000000000*1
 357 000000000000000000000000000000000000000000000000000000000000000000000000000000000000000000000000000000000000000000000000*1
 356 000000000000000000000000000000000000000000000000000000000000000000000000000000000000000000000000000000000000000000000000*1
 355 000000000000000000000000000000000000000000000000000000000000000000000000000000000000000000000000000000000000000000000000*1
 354 000000000000000000000000000000000000000000000000000000000000000000000000000000000000000000000000000000000000000000000000*1
 353 000000000000000000000000000000000000000000000000000000000000000000000000000000000000000000000000000000000000000000000000*1
 352 000000000000000000000000000000000000000000000000000000000000000000000000000000000000000000000000000000000000000000000000*1
 351 000000000000000000000000000000000000000000000000000000000000000000000000000000000000000000000000000000000000000000000000*1
 350 000000000000000000000000000000000000000000000000000000000000000000000000000000000000000000000000000000000000000000000000*1
 349 000000000000000000000000000000000000000000000000000000000000000000000000000000000000000000000000000000000000000000000000*1
 348 000000000000000000000000000000000000000000000000000000000000000000000000000000000000000000000000000000000000000000000000*1
 347 000000000000000000000000000000000000000000000000000000000000000000000000000000000000000000000000000000000000000000000000*1
 346 000000000000000000000000000000000000000000000000000000000000000000000000000000000000000000000000000000000000000000000000*1
 345 000000000000000000000000000000000000000000000000000000000000000000000000000000000000000000000000000000000000000000000000*1
 344 000000000000000000000000000000000000000000000000000000000000000000000000000000000000000000000000000000000000000000000000*1
 343 000000000000000000000000000000000000000000000000000000000000000000000000000000000000000000000000000000000000000000000000*1
 342 000000000000000000000000000000000000000000000000000000000000000000000000000000000000000000000000000000000000000000000000*1
 341 000000000000000000000000000000000000000000000000000000000000000000000000000000000000000000000000000000000000000000000000*1
 340 000000000000000000000000000000000000000000000000000000000000000000000000000000000000000000000000000000000000000000000000*1
 339 000000000000000000000000000000000000000000000000000000000000000000000000000000000000000000000000000000000000000000000000*1
 338 000000000000000000000000000000000000000000000000000000000000000000000000000000000000000000000000000000000000000000000000*1
 337 000000000000000000000000000000000000000000000000000000000000000000000000000000000000000000000000000000000000000000000000*1
 336 000000000000000000000000000000000000000000000000000000000000000000000000000000000000000000000000000000000000000000000000*1
 335 000000000000000000000000000000000000000000000000000000000000000000000000000000000000000000000000000000000000000000000000*1
 334 000000000000000000000000000000000000000000000000000000000000000000000000000000000000000000000000000000000000000000000000*1
 333 000000000000000000000000000000000000000000000000000000000000000000000000000000000000000000000000000000000000000000000000*1
 332 000000000000000000000000000000000000000000000000000000000000000000000000000000000000000000000000000000000000000000000000*1
 331 000000000000000000000000000000000000000000000000000000000000000000000000000000000000000000000000000000000000000000000000*1
 330 000000000000000000000000000000000000000000000000000000000000000000000000000000000000000000000000000000000000000000000000*1
 329 000000000000000000000000000000000000000000000000000000000000000000000000000000000000000000000000000000000000000000000000*1
 328 000000000000000000000000000000000000000000000000000000000000000000000000000000000000000000000000000000000000000000000000*1
 327 000000000000000000000000000000000000000000000000000000000000000000000000000000000000000000000000000000000000000000000000*1
 326 000000000000000000000000000000000000000000000000000000000000000000000000000000000000000000000000000000000000000000000000*1
 325 000000000000000000000000000000000000000000000000000000000000000000000000000000000000000000000000000000000000000000000000*1
 324 000000000000000000000000000000000000000000000000000000000000000000000000000000000000000000000000000000000000000000000000*1
 323 000000000000000000000000000000000000000000000000000000000000000000000000000000000000000000000000000000000000000000000000*1
 322 000000000000000000000000000000000000000000000000000000000000000000000000000000000000000000000000000000000000000000000000*1
 321 000000000000000000000000000000000000000000000000000000000000000000000000000000000000000000000000000000000000000000000000*1
 320 000000000000000000000000000000000000000000000000000000000000000000000000000000000000000000000000000000000000000000000000*1
 319 000000000000000000000000000000000000000000000000000000000000000000000000000000000000000000000000000000000000000000000000*1
 318 000000000000000000000000000000000000000000000000000000000000000000000000000000000000000000000000000000000000000000000000*1
 317 000000000000000000000000000000000000000000000000000000000000000000000000000000000000000000000000000000000000000000000000*1
 316 000000000000000000000000000000000000000000000000000000000000000000000000000000000000000000000000000000000000000000000000*1
 315 000000000000000000000000000000000000000000000000000000000000000000000000000000000000000000000000000000000000000000000000*1
 314 000000000000000000000000000000000000000000000000000000000000000000000000000000000000000000000000000000000000000000000000*1
 313 000000000000000000000000000000000000000000000000000000000000000000000000000000000000000000000000000000000000000000000000*1
 312 000000000000000000000000000000000000000000000000000000000000000000000000000000000000000000000000000000000000000000000000*1
 311 000000000000000000000000000000000000000000000000000000000000000000000000000000000000000000000000000000000000000000000000*1
 310 000000000000000000000000000000000000000000000000000000000000000000000000000000000000000000000000000000000000000000000000*1
 309 000000000000000000000000000000000000000000000000000000000000000000000000000000000000000000000000000000000000000000000000*1
 308 000000000000000000000000000000000000000000000000000000000000000000000000000000000000000000000000000000000000000000000000*1
 307 000000000000000000000000000000000000000000000000000000000000000000000000000000000000000000000000000000000000000000000000*1
 306 000000000000000000000000000000000000000000000000000000000000000000000000000000000000000000000000000000000000000000000000*1
 305 000000000000000000000000000000000000000000000000000000000000000000000000000000000000000000000000000000000000000000000000*1
 304 000000000000000000000000000000000000000000000000000000000000000000000000000000000000000000000000000000000000000000000000*1
 303 000000000000000000000000000000000000000000000000000000000000000000000000000000000000000000000000000000000000000000000000*1
 302 000000000000000000000000000000000000000000000000000000000000000000000000000000000000000000000000000000000000000000000000*1
 301 000000000000000000000000000000000000000000000000000000000000000000000000000000000000000000000000000000000000000000000000*1
 300 000000000000000000000000000000000000000000000000000000000000000000000000000000000000000000000000000000000000000000000000*1
 299 000000000000000000000000000000000000000000000000000000000000000000000000000000000000000000000000000000000000000000000000*1
 298 000000000000000000000000000000000000000000000000000000000000000000000000000000000000000000000000000000000000000000000000*1
 297 000000000000000000000000000000000000000000000000000000000000000000000000000000000000000000000000000000000000000000000000*1
 296 000000000000000000000000000000000000000000000000000000000000000000000000000000000000000000000000000000000000000000000000*1
 295 000000000000000000000000000000000000000000000000000000000000000000000000000000000000000000000000000000000000000000000000*1
 294 000000000000000000000000000000000000000000000000000000000000000000000000000000000000000000000000000000000000000000000000*1
 293 000000000000000000000000000000000000000000000000000000000000000000000000000000000000000000000000000000000000000000000000*1
 292 000000000000000000000000000000000000000000000000000000000000000000000000000000000000000000000000000000000000000000000000*1
 291 000000000000000000000000000000000000000000000000000000000000000000000000000000000000000000000000000000000000000000000000*1
 290 000000000000000000000000000000000000000000000000000000000000000000000000000000000000000000000000000000000000000000000000*1
 289 000000000000000000000000000000000000000000000000000000000000000000000000000000000000000000000000000000000000000000000000*1
 288 000000000000000000000000000000000000000000000000000000000000000000000000000000000000000000000000000000000000000000000000*1
 287 000000000000000000000000000000000000000000000000000000000000000000000000000000000000000000000000000000000000000000000000*1
 286 000000000000000000000000000000000000000000000000000000000000000000000000000000000000000000000000000000000000000000000000*1
 285 000000000000000000000000000000000000000000000000000000000000000000000000000000000000000000000000000000000000000000000000*1
 284 000000000000000000000000000000000000000000000000000000000000000000000000000000000000000000000000000000000000000000000000*1
 283 000000000000000000000000000000000000000000000000000000000000000000000000000000000000000000000000000000000000000000000000*1
 282 000000000000000000000000000000000000000000000000000000000000000000000000000000000000000000000000000000000000000000000000*1
 281 000000000000000000000000000000000000000000000000000000000000000000000000000000000000000000000000000000000000000000000000*1
 280 000000000000000000000000000000000000000000000000000000000000000000000000000000000000000000000000000000000000000000000000*1
 279 000000000000000000000000000000000000000000000000000000000000000000000000000000000000000000000000000000000000000000000000*1
 278 000000000000000000000000000000000000000000000000000000000000000000000000000000000000000000000000000000000000000000000000*1
 277 000000000000000000000000000000000000000000000000000000000000000000000000000000000000000000000000000000000000000000000000*1
 276 000000000000000000000000000000000000000000000000000000000000000000000000000000000000000000000000000000000000000000000000*1
 275 000000000000000000000000000000000000000000000000000000000000000000000000000000000000000000000000000000000000000000000000*1
 274 000000000000000000000000000000000000000000000000000000000000000000000000000000000000000000000000000000000000000000000000*1
 273 000000000000000000000000000000000000000000000000000000000000000000000000000000000000000000000000000000000000000000000000*1
 272 000000000000000000000000000000000000000000000000000000000000000000000000000000000000000000000000000000000000000000000000*1
 271 000000000000000000000000000000000000000000000000000000000000000000000000000000000000000000000000000000000000000000000000*1
 270 000000000000000000000000000000000000000000000000000000000000000000000000000000000000000000000000000000000000000000000000*1
 269 000000000000000000000000000000000000000000000000000000000000000000000000000000000000000000000000000000000000000000000000*1
 268 000000000000000000000000000000000000000000000000000000000000000000000000000000000000000000000000000000000000000000000000*1
 267 000000000000000000000000000000000000000000000000000000000000000000000000000000000000000000000000000000000000000000000000*1
 266 000000000000000000000000000000000000000000000000000000000000000000000000000000000000000000000000000000000000000000000000*1
 265 000000000000000000000000000000000000000000000000000000000000000000000000000000000000000000000000000000000000000000000000*1
 264 000000000000000000000000000000000000000000000000000000000000000000000000000000000000000000000000000000000000000000000000*1
 263 000000000000000000000000000000000000000000000000000000000000000000000000000000000000000000000000000000000000000000000000*1
 262 000000000000000000000000000000000000000000000000000000000000000000000000000000000000000000000000000000000000000000000000*1
 261 000000000000000000000000000000000000000000000000000000000000000000000000000000000000000000000000000000000000000000000000*1
 260 000000000000000000000000000000000000000000000000000000000000000000000000000000000000000000000000000000000000000000000000*1
 259 000000000000000000000000000000000000000000000000000000000000000000000000000000000000000000000000000000000000000000000000*1
 258 000000000000000000000000000000000000000000000000000000000000000000000000000000000000000000000000000000000000000000000000*1
 257 000000000000000000000000000000000000000000000000000000000000000000000000000000000000000000000000000000000000000000000000*1
 256 000000000000000000000000000000000000000000000000000000000000000000000000000000000000000000000000000000000000000000000000*1
 255 000000000000000000000000000000000000000000000000000000000000000000000000000000000000000000000000000000000000000000000000*1
 254 000000000000000000000000000000000000000000000000000000000000000000000000000000000000000000000000000000000000000000000000*1
 253 000000000000000000000000000000000000000000000000000000000000000000000000000000000000000000000000000000000000000000000000*1
 252 000000000000000000000000000000000000000000000000000000000000000000000000000000000000000000000000000000000000000000000000*1
 251 000000000000000000000000000000000000000000000000000000000000000000000000000000000000000000000000000000000000000000000000*1
 250 000000000000000000000000000000000000000000000000000000000000000000000000000000000000000000000000000000000000000000000000*1
 249 000000000000000000000000000000000000000000000000000000000000000000000000000000000000000000000000000000000000000000000000*1
 248 000000000000000000000000000000000000000000000000000000000000000000000000000000000000000000000000000000000000000000000000*1
 247 000000000000000000000000000000000000000000000000000000000000000000000000000000000000000000000000000000000000000000000000*1
 246 000000000000000000000000000000000000000000000000000000000000000000000000000000000000000000000000000000000000000000000000*1
 245 000000000000000000000000000000000000000000000000000000000000000000000000000000000000000000000000000000000000000000000000*1
 244 000000000000000000000000000000000000000000000000000000000000000000000000000000000000000000000000000000000000000000000000*1
 243 000000000000000000000000000000000000000000000000000000000000000000000000000000000000000000000000000000000000000000000000*1
 242 000000000000000000000000000000000000000000000000000000000000000000000000000000000000000000000000000000000000000000000000*1
 241 000000000000000000000000000000000000000000000000000000000000000000000000000000000000000000000000000000000000000000000000*1
 240 000000000000000000000000000000000000000000000000000000000000000000000000000000000000000000000000000000000000000000000000*1
 239 000000000000000000000000000000000000000000000000000000000000000000000000000000000000000000000000000000000000000000000000*1
 238 000000000000000000000000000000000000000000000000000000000000000000000000000000000000000000000000000000000000000000000000*1
 237 000000000000000000000000000000000000000000000000000000000000000000000000000000000000000000000000000000000000000000000000*1
 236 000000000000000000000000000000000000000000000000000000000000000000000000000000000000000000000000000000000000000000000000*1
 235 000000000000000000000000000000000000000000000000000000000000000000000000000000000000000000000000000000000000000000000000*1
 234 000000000000000000000000000000000000000000000000000000000000000000000000000000000000000000000000000000000000000000000000*1
 233 000000000000000000000000000000000000000000000000000000000000000000000000000000000000000000000000000000000000000000000000*1
 232 000000000000000000000000000000000000000000000000000000000000000000000000000000000000000000000000000000000000000000000000*1
 231 000000000000000000000000000000000000000000000000000000000000000000000000000000000000000000000000000000000000000000000000*1
 230 000000000000000000000000000000000000000000000000000000000000000000000000000000000000000000000000000000000000000000000000*1
 229 000000000000000000000000000000000000000000000000000000000000000000000000000000000000000000000000000000000000000000000000*1
 228 000000000000000000000000000000000000000000000000000000000000000000000000000000000000000000000000000000000000000000000000*1
 227 000000000000000000000000000000000000000000000000000000000000000000000000000000000000000000000000000000000000000000000000*1
 226 000000000000000000000000000000000000000000000000000000000000000000000000000000000000000000000000000000000000000000000000*1
 225 000000000000000000000000000000000000000000000000000000000000000000000000000000000000000000000000000000000000000000000000*1
 224 000000000000000000000000000000000000000000000000000000000000000000000000000000000000000000000000000000000000000000000000*1
 223 000000000000000000000000000000000000000000000000000000000000000000000000000000000000000000000000000000000000000000000000*1
 222 000000000000000000000000000000000000000000000000000000000000000000000000000000000000000000000000000000000000000000000000*1
 221 000000000000000000000000000000000000000000000000000000000000000000000000000000000000000000000000000000000000000000000000*1
 220 000000000000000000000000000000000000000000000000000000000000000000000000000000000000000000000000000000000000000000000000*1
 219 000000000000000000000000000000000000000000000000000000000000000000000000000000000000000000000000000000000000000000000000*1
 218 000000000000000000000000000000000000000000000000000000000000000000000000000000000000000000000000000000000000000000000000*1
 217 000000000000000000000000000000000000000000000000000000000000000000000000000000000000000000000000000000000000000000000000*1
 216 000000000000000000000000000000000000000000000000000000000000000000000000000000000000000000000000000000000000000000000000*1
 215 000000000000000000000000000000000000000000000000000000000000000000000000000000000000000000000000000000000000000000000000*1
 214 000000000000000000000000000000000000000000000000000000000000000000000000000000000000000000000000000000000000000000000000*1
 213 000000000000000000000000000000000000000000000000000000000000000000000000000000000000000000000000000000000000000000000000*1
 212 000000000000000000000000000000000000000000000000000000000000000000000000000000000000000000000000000000000000000000000000*1
 211 000000000000000000000000000000000000000000000000000000000000000000000000000000000000000000000000000000000000000000000000*1
 210 000000000000000000000000000000000000000000000000000000000000000000000000000000000000000000000000000000000000000000000000*1
 209 000000000000000000000000000000000000000000000000000000000000000000000000000000000000000000000000000000000000000000000000*1
 208 000000000000000000000000000000000000000000000000000000000000000000000000000000000000000000000000000000000000000000000000*1
 207 000000000000000000000000000000000000000000000000000000000000000000000000000000000000000000000000000000000000000000000000*1
 206 000000000000000000000000000000000000000000000000000000000000000000000000000000000000000000000000000000000000000000000000*1
 205 000000000000000000000000000000000000000000000000000000000000000000000000000000000000000000000000000000000000000000000000*1
 204 000000000000000000000000000000000000000000000000000000000000000000000000000000000000000000000000000000000000000000000000*1
 203 000000000000000000000000000000000000000000000000000000000000000000000000000000000000000000000000000000000000000000000000*1
 202 000000000000000000000000000000000000000000000000000000000000000000000000000000000000000000000000000000000000000000000000*1
 201 000000000000000000000000000000000000000000000000000000000000000000000000000000000000000000000000000000000000000000000000*1
 200 000000000000000000000000000000000000000000000000000000000000000000000000000000000000000000000000000000000000000000000000*1
 199 000000000000000000000000000000000000000000000000000000000000000000000000000000000000000000000000000000000000000000000000*1
 198 000000000000000000000000000000000000000000000000000000000000000000000000000000000000000000000000000000000000000000000000*1
 197 000000000000000000000000000000000000000000000000000000000000000000000000000000000000000000000000000000000000000000000000*1
 196 000000000000000000000000000000000000000000000000000000000000000000000000000000000000000000000000000000000000000000000000*1
 195 000000000000000000000000000000000000000000000000000000000000000000000000000000000000000000000000000000000000000000000000*1
 194 000000000000000000000000000000000000000000000000000000000000000000000000000000000000000000000000000000000000000000000000*1
 193 000000000000000000000000000000000000000000000000000000000000000000000000000000000000000000000000000000000000000000000000*1
 192 000000000000000000000000000000000000000000000000000000000000000000000000000000000000000000000000000000000000000000000000*1
 191 000000000000000000000000000000000000000000000000000000000000000000000000000000000000000000000000000000000000000000000000*1
 190 000000000000000000000000000000000000000000000000000000000000000000000000000000000000000000000000000000000000000000000000*1
 189 000000000000000000000000000000000000000000000000000000000000000000000000000000000000000000000000000000000000000000000000*1
 188 000000000000000000000000000000000000000000000000000000000000000000000000000000000000000000000000000000000000000000000000*1
 187 000000000000000000000000000000000000000000000000000000000000000000000000000000000000000000000000000000000000000000000000*1
 186 000000000000000000000000000000000000000000000000000000000000000000000000000000000000000000000000000000000000000000000000*1
 185 000000000000000000000000000000000000000000000000000000000000000000000000000000000000000000000000000000000000000000000000*1
 184 000000000000000000000000000000000000000000000000000000000000000000000000000000000000000000000000000000000000000000000000*1
 183 000000000000000000000000000000000000000000000000000000000000000000000000000000000000000000000000000000000000000000000000*1
 182 000000000000000000000000000000000000000000000000000000000000000000000000000000000000000000000000000000000000000000000000*1
 181 000000000000000000000000000000000000000000000000000000000000000000000000000000000000000000000000000000000000000000000000*1
 180 000000000000000000000000000000000000000000000000000000000000000000000000000000000000000000000000000000000000000000000000*1
 179 000000000000000000000000000000000000000000000000000000000000000000000000000000000000000000000000000000000000000000000000*1
 178 000000000000000000000000000000000000000000000000000000000000000000000000000000000000000000000000000000000000000000000000*1
 177 000000000000000000000000000000000000000000000000000000000000000000000000000000000000000000000000000000000000000000000000*1
 176 000000000000000000000000000000000000000000000000000000000000000000000000000000000000000000000000000000000000000000000000*1
 175 000000000000000000000000000000000000000000000000000000000000000000000000000000000000000000000000000000000000000000000000*1
 174 000000000000000000000000000000000000000000000000000000000000000000000000000000000000000000000000000000000000000000000000*1
 173 000000000000000000000000000000000000000000000000000000000000000000000000000000000000000000000000000000000000000000000000*1
 172 000000000000000000000000000000000000000000000000000000000000000000000000000000000000000000000000000000000000000000000000*1
 171 000000000000000000000000000000000000000000000000000000000000000000000000000000000000000000000000000000000000000000000000*1
 170 000000000000000000000000000000000000000000000000000000000000000000000000000000000000000000000000000000000000000000000000*1
 169 000000000000000000000000000000000000000000000000000000000000000000000000000000000000000000000000000000000000000000000000*1
 168 000000000000000000000000000000000000000000000000000000000000000000000000000000000000000000000000000000000000000000000000*1
 167 000000000000000000000000000000000000000000000000000000000000000000000000000000000000000000000000000000000000000000000000*1
 166 000000000000000000000000000000000000000000000000000000000000000000000000000000000000000000000000000000000000000000000000*1
 165 000000000000000000000000000000000000000000000000000000000000000000000000000000000000000000000000000000000000000000000000*1
 164 000000000000000000000000000000000000000000000000000000000000000000000000000000000000000000000000000000000000000000000000*1
 163 000000000000000000000000000000000000000000000000000000000000000000000000000000000000000000000000000000000000000000000000*1
 162 000000000000000000000000000000000000000000000000000000000000000000000000000000000000000000000000000000000000000000000000*1
 161 000000000000000000000000000000000000000000000000000000000000000000000000000000000000000000000000000000000000000000000000*1
 160 000000000000000000000000000000000000000000000000000000000000000000000000000000000000000000000000000000000000000000000000*1
 159 000000000000000000000000000000000000000000000000000000000000000000000000000000000000000000000000000000000000000000000000*1
 158 000000000000000000000000000000000000000000000000000000000000000000000000000000000000000000000000000000000000000000000000*1
 157 000000000000000000000000000000000000000000000000000000000000000000000000000000000000000000000000000000000000000000000000*1
 156 000000000000000000000000000000000000000000000000000000000000000000000000000000000000000000000000000000000000000000000000*1
 155 000000000000000000000000000000000000000000000000000000000000000000000000000000000000000000000000000000000000000000000000*1
 154 000000000000000000000000000000000000000000000000000000000000000000000000000000000000000000000000000000000000000000000000*1
 153 000000000000000000000000000000000000000000000000000000000000000000000000000000000000000000000000000000000000000000000000*1
 152 000000000000000000000000000000000000000000000000000000000000000000000000000000000000000000000000000000000000000000000000*1
 151 000000000000000000000000000000000000000000000000000000000000000000000000000000000000000000000000000000000000000000000000*1
 150 000000000000000000000000000000000000000000000000000000000000000000000000000000000000000000000000000000000000000000000000*1
 149 000000000000000000000000000000000000000000000000000000000000000000000000000000000000000000000000000000000000000000000000*1
 148 000000000000000000000000000000000000000000000000000000000000000000000000000000000000000000000000000000000000000000000000*1
 147 000000000000000000000000000000000000000000000000000000000000000000000000000000000000000000000000000000000000000000000000*1
 146 000000000000000000000000000000000000000000000000000000000000000000000000000000000000000000000000000000000000000000000000*1
 145 000000000000000000000000000000000000000000000000000000000000000000000000000000000000000000000000000000000000000000000000*1
 144 000000000000000000000000000000000000000000000000000000000000000000000000000000000000000000000000000000000000000000000000*1
 143 000000000000000000000000000000000000000000000000000000000000000000000000000000000000000000000000000000000000000000000000*1
 142 000000000000000000000000000000000000000000000000000000000000000000000000000000000000000000000000000000000000000000000000*1
 141 000000000000000000000000000000000000000000000000000000000000000000000000000000000000000000000000000000000000000000000000*1
 140 000000000000000000000000000000000000000000000000000000000000000000000000000000000000000000000000000000000000000000000000*1
 139 000000000000000000000000000000000000000000000000000000000000000000000000000000000000000000000000000000000000000000000000*1
 138 000000000000000000000000000000000000000000000000000000000000000000000000000000000000000000000000000000000000000000000000*1
 137 000000000000000000000000000000000000000000000000000000000000000000000000000000000000000000000000000000000000000000000000*1
 136 000000000000000000000000000000000000000000000000000000000000000000000000000000000000000000000000000000000000000000000000*1
 135 000000000000000000000000000000000000000000000000000000000000000000000000000000000000000000000000000000000000000000000000*1
 134 000000000000000000000000000000000000000000000000000000000000000000000000000000000000000000000000000000000000000000000000*1
 133 000000000000000000000000000000000000000000000000000000000000000000000000000000000000000000000000000000000000000000000000*1
 132 000000000000000000000000000000000000000000000000000000000000000000000000000000000000000000000000000000000000000000000000*1
 131 000000000000000000000000000000000000000000000000000000000000000000000000000000000000000000000000000000000000000000000000*1
 130 000000000000000000000000000000000000000000000000000000000000000000000000000000000000000000000000000000000000000000000000*1
 129 000000000000000000000000000000000000000000000000000000000000000000000000000000000000000000000000000000000000000000000000*1
 128 000000000000000000000000000000000000000000000000000000000000000000000000000000000000000000000000000000000000000000000000*1
 127 000000000000000000000000000000000000000000000000000000000000000000000000000000000000000000000000000000000000000000000000*1
 126 000000000000000000000000000000000000000000000000000000000000000000000000000000000000000000000000000000000000000000000000*1
 125 000000000000000000000000000000000000000000000000000000000000000000000000000000000000000000000000000000000000000000000000*1
 124 000000000000000000000000000000000000000000000000000000000000000000000000000000000000000000000000000000000000000000000000*1
 123 000000000000000000000000000000000000000000000000000000000000000000000000000000000000000000000000000000000000000000000000*1
 122 000000000000000000000000000000000000000000000000000000000000000000000000000000000000000000000000000000000000000000000000*1
 121 000000000000000000000000000000000000000000000000000000000000000000000000000000000000000000000000000000000000000000000000*1
 120 000000000000000000000000000000000000000000000000000000000000000000000000000000000000000000000000000000000000000000000000*1
 119 000000000000000000000000000000000000000000000000000000000000000000000000000000000000000000000000000000000000000000000000*1
 118 000000000000000000000000000000000000000000000000000000000000000000000000000000000000000000000000000000000000000000000000*1
 117 000000000000000000000000000000000000000000000000000000000000000000000000000000000000000000000000000000000000000000000000*1
 116 000000000000000000000000000000000000000000000000000000000000000000000000000000000000000000000000000000000000000000000000*1
 115 000000000000000000000000000000000000000000000000000000000000000000000000000000000000000000000000000000000000000000000000*1
 114 000000000000000000000000000000000000000000000000000000000000000000000000000000000000000000000000000000000000000000000000*1
 113 000000000000000000000000000000000000000000000000000000000000000000000000000000000000000000000000000000000000000000000000*1
 112 000000000000000000000000000000000000000000000000000000000000000000000000000000000000000000000000000000000000000000000000*1
 111 000000000000000000000000000000000000000000000000000000000000000000000000000000000000000000000000000000000000000000000000*1
 110 000000000000000000000000000000000000000000000000000000000000000000000000000000000000000000000000000000000000000000000000*1
 109 000000000000000000000000000000000000000000000000000000000000000000000000000000000000000000000000000000000000000000000000*1
 108 000000000000000000000000000000000000000000000000000000000000000000000000000000000000000000000000000000000000000000000000*1
 107 000000000000000000000000000000000000000000000000000000000000000000000000000000000000000000000000000000000000000000000000*1
 106 000000000000000000000000000000000000000000000000000000000000000000000000000000000000000000000000000000000000000000000000*1
 105 000000000000000000000000000000000000000000000000000000000000000000000000000000000000000000000000000000000000000000000000*1
 104 000000000000000000000000000000000000000000000000000000000000000000000000000000000000000000000000000000000000000000000000*1
 103 000000000000000000000000000000000000000000000000000000000000000000000000000000000000000000000000000000000000000000000000*1
 102 000000000000000000000000000000000000000000000000000000000000000000000000000000000000000000000000000000000000000000000000*1
 101 000000000000000000000000000000000000000000000000000000000000000000000000000000000000000000000000000000000000000000000000*1
 100 000000000000000000000000000000000000000000000000000000000000000000000000000000000000000000000000000000000000000000000000*1
  99 000000000000000000000000000000000000000000000000000000000000000000000000000000000000000000000000000000000000000000000000*1
  98 000000000000000000000000000000000000000000000000000000000000000000000000000000000000000000000000000000000000000000000000*1
  97 000000000000000000000000000000000000000000000000000000000000000000000000000000000000000000000000000000000000000000000000*1
  96 000000000000000000000000000000000000000000000000000000000000000000000000000000000000000000000000000000000000000000000000*1
  95 000000000000000000000000000000000000000000000000000000000000000000000000000000000000000000000000000000000000000000000000*1
  94 000000000000000000000000000000000000000000000000000000000000000000000000000000000000000000000000000000000000000000000000*1
  93 000000000000000000000000000000000000000000000000000000000000000000000000000000000000000000000000000000000000000000000000*1
  92 000000000000000000000000000000000000000000000000000000000000000000000000000000000000000000000000000000000000000000000000*1
  91 000000000000000000000000000000000000000000000000000000000000000000000000000000000000000000000000000000000000000000000000*1
  90 000000000000000000000000000000000000000000000000000000000000000000000000000000000000000000000000000000000000000000000000*1
  89 000000000000000000000000000000000000000000000000000000000000000000000000000000000000000000000000000000000000000000000000*1
  88 000000000000000000000000000000000000000000000000000000000000000000000000000000000000000000000000000000000000000000000000*1
  87 000000000000000000000000000000000000000000000000000000000000000000000000000000000000000000000000000000000000000000000000*1
  86 000000000000000000000000000000000000000000000000000000000000000000000000000000000000000000000000000000000000000000000000*1
  85 000000000000000000000000000000000000000000000000000000000000000000000000000000000000000000000000000000000000000000000000*1
  84 000000000000000000000000000000000000000000000000000000000000000000000000000000000000000000000000000000000000000000000000*1
  83 000000000000000000000000000000000000000000000000000000000000000000000000000000000000000000000000000000000000000000000000*1
  82 000000000000000000000000000000000000000000000000000000000000000000000000000000000000000000000000000000000000000000000000*1
  81 000000000000000000000000000000000000000000000000000000000000000000000000000000000000000000000000000000000000000000000000*1
  80 000000000000000000000000000000000000000000000000000000000000000000000000000000000000000000000000000000000000000000000000*1
  79 000000000000000000000000000000000000000000000000000000000000000000000000000000000000000000000000000000000000000000000000*1
  78 000000000000000000000000000000000000000000000000000000000000000000000000000000000000000000000000000000000000000000000000*1
  77 000000000000000000000000000000000000000000000000000000000000000000000000000000000000000000000000000000000000000000000000*1
  76 000000000000000000000000000000000000000000000000000000000000000000000000000000000000000000000000000000000000000000000000*1
  75 000000000000000000000000000000000000000000000000000000000000000000000000000000000000000000000000000000000000000000000000*1
  74 000000000000000000000000000000000000000000000000000000000000000000000000000000000000000000000000000000000000000000000000*1
  73 000000000000000000000000000000000000000000000000000000000000000000000000000000000000000000000000000000000000000000000000*1
  72 000000000000000000000000000000000000000000000000000000000000000000000000000000000000000000000000000000000000000000000000*1
  71 000000000000000000000000000000000000000000000000000000000000000000000000000000000000000000000000000000000000000000000000*1
  70 000000000000000000000000000000000000000000000000000000000000000000000000000000000000000000000000000000000000000000000000*1
  69 000000000000000000000000000000000000000000000000000000000000000000000000000000000000000000000000000000000000000000000000*1
  68 000000000000000000000000000000000000000000000000000000000000000000000000000000000000000000000000000000000000000000000000*1
  67 000000000000000000000000000000000000000000000000000000000000000000000000000000000000000000000000000000000000000000000000*1
  66 000000000000000000000000000000000000000000000000000000000000000000000000000000000000000000000000000000000000000000000000*1
  65 000000000000000000000000000000000000000000000000000000000000000000000000000000000000000000000000000000000000000000000000*1
  64 000000000000000000000000000000000000000000000000000000000000000000000000000000000000000000000000000000000000000000000000*1
  63 000000000000000000000000000000000000000000000000000000000000000000000000000000000000000000000000000000000000000000000000*1
  62 000000000000000000000000000000000000000000000000000000000000000000000000000000000000000000000000000000000000000000000000*1
  61 000000000000000000000000000000000000000000000000000000000000000000000000000000000000000000000000000000000000000000000000*1
  60 000000000000000000000000000000000000000000000000000000000000000000000000000000000000000000000000000000000000000000000000*1
  59 000000000000000000000000000000000000000000000000000000000000000000000000000000000000000000000000000000000000000000000000*1
  58 000000000000000000000000000000000000000000000000000000000000000000000000000000000000000000000000000000000000000000000000*1
  57 000000000000000000000000000000000000000000000000000000000000000000000000000000000000000000000000000000000000000000000000*1
  56 000000000000000000000000000000000000000000000000000000000000000000000000000000000000000000000000000000000000000000000000*1
  55 000000000000000000000000000000000000000000000000000000000000000000000000000000000000000000000000000000000000000000000000*1
  54 000000000000000000000000000000000000000000000000000000000000000000000000000000000000000000000000000000000000000000000000*1
  53 000000000000000000000000000000000000000000000000000000000000000000000000000000000000000000000000000000000000000000000000*1
  52 000000000000000000000000000000000000000000000000000000000000000000000000000000000000000000000000000000000000000000000000*1
  51 000000000000000000000000000000000000000000000000000000000000000000000000000000000000000000000000000000000000000000000000*1
  50 000000000000000000000000000000000000000000000000000000000000000000000000000000000000000000000000000000000000000000000000*1
  49 000000000000000000000000000000000000000000000000000000000000000000000000000000000000000000000000000000000000000000000000*1
  48 000000000000000000000000000000000000000000000000000000000000000000000000000000000000000000000000000000000000000000000000*1
  47 000000000000000000000000000000000000000000000000000000000000000000000000000000000000000000000000000000000000000000000000*1
  46 000000000000000000000000000000000000000000000000000000000000000000000000000000000000000000000000000000000000000000000000*1
  45 000000000000000000000000000000000000000000000000000000000000000000000000000000000000000000000000000000000000000000000000*1
  44 000000000000000000000000000000000000000000000000000000000000000000000000000000000000000000000000000000000000000000000000*1
  43 000000000000000000000000000000000000000000000000000000000000000000000000000000000000000000000000000000000000000000000000*1
  42 000000000000000000000000000000000000000000000000000000000000000000000000000000000000000000000000000000000000000000000000*1
  41 000000000000000000000000000000000000000000000000000000000000000000000000000000000000000000000000000000000000000000000000*1
  40 000000000000000000000000000000000000000000000000000000000000000000000000000000000000000000000000000000000000000000000000*1
  39 000000000000000000000000000000000000000000000000000000000000000000000000000000000000000000000000000000000000000000000000*1
  38 000000000000000000000000000000000000000000000000000000000000000000000000000000000000000000000000000000000000000000000000*1
  37 000000000000000000000000000000000000000000000000000000000000000000000000000000000000000000000000000000000000000000000000*1
  36 000000000000000000000000000000000000000000000000000000000000000000000000000000000000000000000000000000000000000000000000*1
  35 000000000000000000000000000000000000000000000000000000000000000000000000000000000000000000000000000000000000000000000000*1
  34 000000000000000000000000000000000000000000000000000000000000000000000000000000000000000000000000000000000000000000000000*1
  33 000000000000000000000000000000000000000000000000000000000000000000000000000000000000000000000000000000000000000000000000*1
  32 000000000000000000000000000000000000000000000000000000000000000000000000000000000000000000000000000000000000000000000000*1
  31 000000000000000000000000000000000000000000000000000000000000000000000000000000000000000000000000000000000000000000000000*1
  30 000000000000000000000000000000000000000000000000000000000000000000000000000000000000000000000000000000000000000000000000*1
  29 000000000000000000000000000000000000000000000000000000000000000000000000000000000000000000000000000000000000000000000000*1
  28 000000000000000000000000000000000000000000000000000000000000000000000000000000000000000000000000000000000000000000000000*1
  27 000000000000000000000000000000000000000000000000000000000000000000000000000000000000000000000000000000000000000000000000*1
  26 000000000000000000000000000000000000000000000000000000000000000000000000000000000000000000000000000000000000000000000000*1
  25 000000000000000000000000000000000000000000000000000000000000000000000000000000000000000000000000000000000000000000000000*1
  24 000000000000000000000000000000000000000000000000000000000000000000000000000000000000000000000000000000000000000000000000*1
  23 000000000000000000000000000000000000000000000000000000000000000000000000000000000000000000000000000000000000000000000000*1
  22 000000000000000000000000000000000000000000000000000000000000000000000000000000000000000000000000000000000000000000000000*1
  21 000000000000000000000000000000000000000000000000000000000000000000000000000000000000000000000000000000000000000000000000*1
  20 000000000000000000000000000000000000000000000000000000000000000000000000000000000000000000000000000000000000000000000000*1
  19 000000000000000000000000000000000000000000000000000000000000000000000000000000000000000000000000000000000000000000000000*1
  18 000000000000000000000000000000000000000000000000000000000000000000000000000000000000000000000000000000000000000000000000*1
  17 000000000000000000000000000000000000000000000000000000000000000000000000000000000000000000000000000000000000000000000000*1
  16 000000000000000000000000000000000000000000000000000000000000000000000000000000000000000000000000000000000000000000000000*1
  15 000000000000000000000000000000000000000000000000000000000000000000000000000000000000000000000000000000000000000000000000*1
  14 000000000000000000000000000000000000000000000000000000000000000000000000000000000000000000000000000000000000000000000000*1
  13 000000000000000000000000000000000000000000000000000000000000000000000000000000000000000000000000000000000000000000000000*1
  12 000000000000000000000000000000000000000000000000000000000000000000000000000000000000000000000000000000000000000000000000*1
  11 000000000000000000000000000000000000000000000000000000000000000000000000000000000000000000000000000000000000000000000000*1
  10 000000000000000000000000000000000000000000000000000000000000000000000000000000000000000000000000000000000000000000000000*1
   9 000000000000000000000000000000000000000000000000000000000000000000000000000000000000000000000000000000000000000000000000*1
   8 000000000000000000000000000000000000000000000000000000000000000000000000000000000000000000000000000000000000000000000000*1
   7 000000000000000000000000000000000000000000000000000000000000000000000000000000000000000000000000000000000000000000000000*1
   6 000000000000000000000000000000000000000000000000000000000000000000000000000000000000000000000000000000000000000000000000*1
   5 000000000000000000000000000000000000000000000000000000000000000000000000000000000000000000000000000000000000000000000000*1
   4 000000000000000000000000000000000000000000000000000000000000000000000000000000000000000000000000000000000000000000000000*1
   3 000000000000000000000000000000000000000000000000000000000000000000000000000000000000000000000000000000000000000000000000*1
   2 *************************************************************************************************************************1
   1 11111111111111111111111111111111111111111111111111111111111111111111111111111111111111111111111111111111111111111111111111
       505  510  515  520  525  530  535  540  545  550  555  560  565  570  575  580  585  590  595  600  605  610  615  620  625
  

Use -Dshow_perimeter_details to show perimeter indices


Use -Dskip_kmt_map to eliminate the following map


                     The final "kmt" field follows:

  
  
  "iplot" mapping of integers to characters is as follows:
      0 is printed as .         1 is printed as +         2 is printed as *
      3 is printed as A         4 is printed as B         5 is printed as C
      6 is printed as D         7 is printed as E         8 is printed as F
      9 is printed as G        10 is printed as H        11 is printed as I
     12 is printed as J        13 is printed as K        14 is printed as L
     15 is printed as M        16 is printed as N        17 is printed as O
     18 is printed as P        19 is printed as Q        20 is printed as R
     21 is printed as S        22 is printed as T        23 is printed as U
     24 is printed as V        25 is printed as W        26 is printed as X
     27 is printed as Y        28 is printed as Z        29 is printed as a
     30 is printed as b        31 is printed as c        32 is printed as d
     33 is printed as e        34 is printed as f        35 is printed as g
     36 is printed as h        37 is printed as i        38 is printed as j
     39 is printed as k        40 is printed as l        41 is printed as m
     42 is printed as n        43 is printed as o        44 is printed as p
     45 is printed as q        46 is printed as r        47 is printed as s
     48 is printed as t        49 is printed as u        50 is printed as v
     51 is printed as w        52 is printed as x        53 is printed as y
     54 is printed as z        55 is printed as 0        56 is printed as 1
     57 is printed as 2        58 is printed as 3        59 is printed as 4
     60 is printed as 5        61 is printed as 6        62 is printed as 7
     63 is printed as 8        64 is printed as 9        65 is printed as -
     66 is printed as =        67 is printed as !        68 is printed as @
     69 is printed as #        70 is printed as $        71 is printed as %
     72 is printed as <        73 is printed as >        74 is printed as [
     75 is printed as ]        76 is printed as {        77 is printed as }
     78 is printed as (        79 is printed as )
  
  => Note: there are  101  integers in the field
           "iplot" cannot uniquely assign  more than 80 characters for plotting symbols.
           therefore integers are represented by cyclicly reusing the list of plotting symbols
    

     1   5   9  13  17  21  25  29  33  37  41  45  49  53  57  61  65  69  73  77  81  85  89  93  97 101 105 109 113 117 121
 402 ............................................................................................................................
 401 .                                                                                                                           
 400 .                                                                                                                           
 399 .                                                                                                                           
 398 .                                                                                                                           
 397 .                                                                                                                           
 396 .                                                                                                                           
 395 .                                                                                                                           
 394 .                                                                                                                           
 393 .                                                                                                                           
 392 .                                                                                                                           
 391 .                                                                                                                           
 390 .                                                                                                                           
 389 .                                                                                                                           
 388 .                                                                                                                           
 387 .                                                                                                                           
 386 .                                                                                                                           
 385 .                                                                                                                           
 384 .                                                                                                                           
 383 .                                                                                                                           
 382 .                                                                                                                           
 381 .                                                                                                                           
 380 .                                                                                                                           
 379 .                                                                                                                           
 378 .                                                                                                                           
 377 .                                                                                                                           
 376 .                                                                                                                           
 375 .                                                                                                                           
 374 .                                                                                                                           
 373 .                                                                                                                           
 372 .                                                                                                                           
 371 .                                                                                                                           
 370 .                                                                                                                           
 369 .                                                                                                                           
 368 .                                                                                                                           
 367 .                                                                                                                           
 366 .                                                                                                                           
 365 .                                                                                                                           
 364 .                                                                                                                           
 363 .                                                                                                                           
 362 .                                                                                                                           
 361 .                                                                                                                           
 360 .                                                                                                                           
 359 .                                                                                                                           
 358 .                                                                                                                           
 357 .                                                                                                                           
 356 .                                                                                                                           
 355 .                                                                                                                           
 354 .                                                                                                                           
 353 .                                                                                                                           
 352 .                                                                                                                           
 351 .                                                                                                                           
 350 .                                                                                                                           
 349 .                                                                                                                           
 348 .                                                                                                                           
 347 .                                                                                                                           
 346 .                                                                                                                           
 345 .                                                                                                                           
 344 .                                                                                                                           
 343 .                                                                                                                           
 342 .                                                                                                                           
 341 .                                                                                                                           
 340 .                                                                                                                           
 339 .                                                                                                                           
 338 .                                                                                                                           
 337 .                                                                                                                           
 336 .                                                                                                                           
 335 .                                                                                                                           
 334 .                                                                                                                           
 333 .                                                                                                                           
 332 .                                                                                                                           
 331 .                                                                                                                           
 330 .                                                                                                                           
 329 .                                                                                                                           
 328 .                                                                                                                           
 327 .                                                                                                                           
 326 .                                                                                                                           
 325 .                                                                                                                           
 324 .                                                                                                                           
 323 .                                                                                                                           
 322 .                                                                                                                           
 321 .                                                                                                                           
 320 .                                                                                                                           
 319 .                                                                                                                           
 318 .                                                                                                                           
 317 .                                                                                                                           
 316 .                                                                                                                           
 315 .                                                                                                                           
 314 .                                                                                                                           
 313 .                                                                                                                           
 312 .                                                                                                                           
 311 .                                                                                                                           
 310 .                                                                                                                           
 309 .                                                                                                                           
 308 .                                                                                                                           
 307 .                                                                                                                           
 306 .                                                                                                                           
 305 .                                                                                                                           
 304 .                                                                                                                           
 303 .                                                                                                                           
 302 .                                                                                                                           
 301 .                                                                                                                           
 300 .                                                                                                                           
 299 .                                                                                                                           
 298 .                                                                                                                           
 297 .                                                                                                                           
 296 .                                                                                                                           
 295 .                                                                                                                           
 294 .                                                                                                                           
 293 .                                                                                                                           
 292 .                                                                                                                           
 291 .                                                                                                                           
 290 .                                                                                                                           
 289 .                                                                                                                           
 288 .                                                                                                                           
 287 .                                                                                                                           
 286 .                                                                                                                           
 285 .                                                                                                                           
 284 .                                                                                                                           
 283 .                                                                                                                           
 282 .                                                                                                                           
 281 .                                                                                                                           
 280 .                                                                                                                           
 279 .                                                                                                                           
 278 .                                                                                                                           
 277 .                                                                                                                           
 276 .                                                                                                                           
 275 .                                                                                                                           
 274 .                                                                                                                           
 273 .                                                                                                                           
 272 .                                                                                                                           
 271 .                                                                                                                           
 270 .                                                                                                                           
 269 .                                                                                                                           
 268 .                                                                                                                           
 267 .                                                                                                                           
 266 .                                                                                                                           
 265 .                                                                                                                           
 264 .                                                                                                                           
 263 .                                                                                                                           
 262 .                                                                                                                           
 261 .                                                                                                                           
 260 .                                                                                                                           
 259 .                                                                                                                           
 258 .                                                                                                                           
 257 .                                                                                                                           
 256 .                                                                                                                           
 255 .                                                                                                                           
 254 .                                                                                                                           
 253 .                                                                                                                           
 252 .                                                                                                                           
 251 .                                                                                                                           
 250 .                                                                                                                           
 249 .                                                                                                                           
 248 .                                                                                                                           
 247 .                                                                                                                           
 246 .                                                                                                                           
 245 .                                                                                                                           
 244 .                                                                                                                           
 243 .                                                                                                                           
 242 .                                                                                                                           
 241 .                                                                                                                           
 240 .                                                                                                                           
 239 .                                                                                                                           
 238 .                                                                                                                           
 237 .                                                                                                                           
 236 .                                                                                                                           
 235 .                                                                                                                           
 234 .                                                                                                                           
 233 .                                                                                                                           
 232 .                                                                                                                           
 231 .                                                                                                                           
 230 .                                                                                                                           
 229 .                                                                                                                           
 228 .                                                                                                                           
 227 .                                                                                                                           
 226 .                                                                                                                           
 225 .                                                                                                                           
 224 .                                                                                                                           
 223 .                                                                                                                           
 222 .                                                                                                                           
 221 .                                                                                                                           
 220 .                                                                                                                           
 219 .                                                                                                                           
 218 .                                                                                                                           
 217 .                                                                                                                           
 216 .                                                                                                                           
 215 .                                                                                                                           
 214 .                                                                                                                           
 213 .                                                                                                                           
 212 .                                                                                                                           
 211 .                                                                                                                           
 210 .                                                                                                                           
 209 .                                                                                                                           
 208 .                                                                                                                           
 207 .                                                                                                                           
 206 .                                                                                                                           
 205 .                                                                                                                           
 204 .                                                                                                                           
 203 .                                                                                                                           
 202 .                                                                                                                           
 201 .                                                                                                                           
 200 .                                                                                                                           
 199 .                                                                                                                           
 198 .                                                                                                                           
 197 .                                                                                                                           
 196 .                                                                                                                           
 195 .                                                                                                                           
 194 .                                                                                                                           
 193 .                                                                                                                           
 192 .                                                                                                                           
 191 .                                                                                                                           
 190 .                                                                                                                           
 189 .                                                                                                                           
 188 .                                                                                                                           
 187 .                                                                                                                           
 186 .                                                                                                                           
 185 .                                                                                                                           
 184 .                                                                                                                           
 183 .                                                                                                                           
 182 .                                                                                                                           
 181 .                                                                                                                           
 180 .                                                                                                                           
 179 .                                                                                                                           
 178 .                                                                                                                           
 177 .                                                                                                                           
 176 .                                                                                                                           
 175 .                                                                                                                           
 174 .                                                                                                                           
 173 .                                                                                                                           
 172 .                                                                                                                           
 171 .                                                                                                                           
 170 .                                                                                                                           
 169 .                                                                                                                           
 168 .                                                                                                                           
 167 .                                                                                                                           
 166 .                                                                                                                           
 165 .                                                                                                                           
 164 .                                                                                                                           
 163 .                                                                                                                           
 162 .                                                                                                                           
 161 .                                                                                                                           
 160 .                                                                                                                           
 159 .                                                                                                                           
 158 .                                                                                                                           
 157 .                                                                                                                           
 156 .                                                                                                                           
 155 .                                                                                                                           
 154 .                                                                                                                           
 153 .                                                                                                                           
 152 .                                                                                                                           
 151 .                                                                                                                           
 150 .                                                                                                                           
 149 .                                                                                                                           
 148 .                                                                                                                           
 147 .                                                                                                                           
 146 .                                                                                                                           
 145 .                                                                                                                           
 144 .                                                                                                                           
 143 .                                                                                                                           
 142 .                                                                                                                           
 141 .                                                                                                                           
 140 .                                                                                                                           
 139 .                                                                                                                           
 138 .                                                                                                                           
 137 .                                                                                                                           
 136 .                                                                                                                           
 135 .                                                                                                                           
 134 .                                                                                                                           
 133 .                                                                                                                           
 132 .                                                                                                                           
 131 .                                                                                                                           
 130 .                                                                                                                           
 129 .                                                                                                                           
 128 .                                                                                                                           
 127 .                                                                                                                           
 126 .                                                                                                                           
 125 .                                                                                                                           
 124 .                                                                                                                           
 123 .                                                                                                                           
 122 .                                                                                                                           
 121 .                                                                                                                           
 120 .                                                                                                                           
 119 .                                                                                                                           
 118 .                                                                                                                           
 117 .                                                                                                                           
 116 .                                                                                                                           
 115 .                                                                                                                           
 114 .                                                                                                                           
 113 .                                                                                                                           
 112 .                                                                                                                           
 111 .                                                                                                                           
 110 .                                                                                                                           
 109 .                                                                                                                           
 108 .                                                                                                                           
 107 .                                                                                                                           
 106 .                                                                                                                           
 105 .                                                                                                                           
 104 .                                                                                                                           
 103 .                                                                                                                           
 102 .                                                                                                                           
 101 .                                                                                                                           
 100 .                                                                                                                           
  99 .                                                                                                                           
  98 .                                                                                                                           
  97 .                                                                                                                           
  96 .                                                                                                                           
  95 .                                                                                                                           
  94 .                                                                                                                           
  93 .                                                                                                                           
  92 .                                                                                                                           
  91 .                                                                                                                           
  90 .                                                                                                                           
  89 .                                                                                                                           
  88 .                                                                                                                           
  87 .                                                                                                                           
  86 .                                                                                                                           
  85 .                                                                                                                           
  84 .                                                                                                                           
  83 .                                                                                                                           
  82 .                                                                                                                           
  81 .                                                                                                                           
  80 .                                                                                                                           
  79 .                                                                                                                           
  78 .                                                                                                                           
  77 .                                                                                                                           
  76 .                                                                                                                           
  75 .                                                                                                                           
  74 .                                                                                                                           
  73 .                                                                                                                           
  72 .                                                                                                                           
  71 .                                                                                                                           
  70 .                                                                                                                           
  69 .                                                                                                                           
  68 .                                                                                                                           
  67 .                                                                                                                           
  66 .                                                                                                                           
  65 .                                                                                                                           
  64 .                                                                                                                           
  63 .                                                                                                                           
  62 .                                                                                                                           
  61 .                                                                                                                           
  60 .                                                                                                                           
  59 .                                                                                                                           
  58 .                                                                                                                           
  57 .                                                                                                                           
  56 .                                                                                                                           
  55 .                                                                                                                           
  54 .                                                                                                                           
  53 .                                                                                                                           
  52 .                                                                                                                           
  51 .                                                                                                                           
  50 .                                                                                                                           
  49 .                                                                                                                           
  48 .                                                                                                                           
  47 .                                                                                                                           
  46 .                                                                                                                           
  45 .                                                                                                                           
  44 .                                                                                                                           
  43 .                                                                                                                           
  42 .                                                                                                                           
  41 .                                                                                                                           
  40 .                                                                                                                           
  39 .                                                                                                                           
  38 .                                                                                                                           
  37 .                                                                                                                           
  36 .                                                                                                                           
  35 .                                                                                                                           
  34 .                                                                                                                           
  33 .                                                                                                                           
  32 .                                                                                                                           
  31 .                                                                                                                           
  30 .                                                                                                                           
  29 .                                                                                                                           
  28 .                                                                                                                           
  27 .                                                                                                                           
  26 .                                                                                                                           
  25 .                                                                                                                           
  24 .                                                                                                                           
  23 .                                                                                                                           
  22 .                                                                                                                           
  21 .                                                                                                                           
  20 .                                                                                                                           
  19 .                                                                                                                           
  18 .                                                                                                                           
  17 .                                                                                                                           
  16 .                                                                                                                           
  15 .                                                                                                                           
  14 .                                                                                                                           
  13 .                                                                                                                           
  12 .                                                                                                                           
  11 .                                                                                                                           
  10 .                                                                                                                           
   9 .                                                                                                                           
   8 .                                                                                                                           
   7 .                                                                                                                           
   6 .                                                                                                                           
   5 .                                                                                                                           
   4 .                                                                                                                           
   3 .                                                                                                                           
   2 .                                                                                                                           
   1 ............................................................................................................................

   125 129 133 137 141 145 149 153 157 161 165 169 173 177 181 185 189 193 197 201 205 209 213 217 221 225 229 233 237 241 245
 402 ............................................................................................................................
 401                                                                                                                             
 400                                                                                                                             
 399                                                                                                                             
 398                                                                                                                             
 397                                                                                                                             
 396                                                                                                                             
 395                                                                                                                             
 394                                                                                                                             
 393                                                                                                                             
 392                                                                                                                             
 391                                                                                                                             
 390                                                                                                                             
 389                                                                                                                             
 388                                                                                                                             
 387                                                                                                                             
 386                                                                                                                             
 385                                                                                                                             
 384                                                                                                                             
 383                                                                                                                             
 382                                                                                                                             
 381                                                                                                                             
 380                                                                                                                             
 379                                                                                                                             
 378                                                                                                                             
 377                                                                                                                             
 376                                                                                                                             
 375                                                                                                                             
 374                                                                                                                             
 373                                                                                                                             
 372                                                                                                                             
 371                                                                                                                             
 370                                                                                                                             
 369                                                                                                                             
 368                                                                                                                             
 367                                                                                                                             
 366                                                                                                                             
 365                                                                                                                             
 364                                                                                                                             
 363                                                                                                                             
 362                                                                                                                             
 361                                                                                                                             
 360                                                                                                                             
 359                                                                                                                             
 358                                                                                                                             
 357                                                                                                                             
 356                                                                                                                             
 355                                                                                                                             
 354                                                                                                                             
 353                                                                                                                             
 352                                                                                                                             
 351                                                                                                                             
 350                                                                                                                             
 349                                                                                                                             
 348                                                                                                                             
 347                                                                                                                             
 346                                                                                                                             
 345                                                                                                                             
 344                                                                                                                             
 343                                                                                                                             
 342                                                                                                                             
 341                                                                                                                             
 340                                                                                                                             
 339                                                                                                                             
 338                                                                                                                             
 337                                                                                                                             
 336                                                                                                                             
 335                                                                                                                             
 334                                                                                                                             
 333                                                                                                                             
 332                                                                                                                             
 331                                                                                                                             
 330                                                                                                                             
 329                                                                                                                             
 328                                                                                                                             
 327                                                                                                                             
 326                                                                                                                             
 325                                                                                                                             
 324                                                                                                                             
 323                                                                                                                             
 322                                                                                                                             
 321                                                                                                                             
 320                                                                                                                             
 319                                                                                                                             
 318                                                                                                                             
 317                                                                                                                             
 316                                                                                                                             
 315                                                                                                                             
 314                                                                                                                             
 313                                                                                                                             
 312                                                                                                                             
 311                                                                                                                             
 310                                                                                                                             
 309                                                                                                                             
 308                                                                                                                             
 307                                                                                                                             
 306                                                                                                                             
 305                                                                                                                             
 304                                                                                                                             
 303                                                                                                                             
 302                                                                                                                             
 301                                                                                                                             
 300                                                                                                                             
 299                                                                                                                             
 298                                                                                                                             
 297                                                                                                                             
 296                                                                                                                             
 295                                                                                                                             
 294                                                                                                                             
 293                                                                                                                             
 292                                                                                                                             
 291                                                                                                                             
 290                                                                                                                             
 289                                                                                                                             
 288                                                                                                                             
 287                                                                                                                             
 286                                                                                                                             
 285                                                                                                                             
 284                                                                                                                             
 283                                                                                                                             
 282                                                                                                                             
 281                                                                                                                             
 280                                                                                                                             
 279                                                                                                                             
 278                                                                                                                             
 277                                                                                                                             
 276                                                                                                                             
 275                                                                                                                             
 274                                                                                                                             
 273                                                                                                                             
 272                                                                                                                             
 271                                                                                                                             
 270                                                                                                                             
 269                                                                                                                             
 268                                                                                                                             
 267                                                                                                                             
 266                                                                                                                             
 265                                                                                                                             
 264                                                                                                                             
 263                                                                                                                             
 262                                                                                                                             
 261                                                                                                                             
 260                                                                                                                             
 259                                                                                                                             
 258                                                                                                                             
 257                                                                                                                             
 256                                                                                                                             
 255                                                                                                                             
 254                                                                                                                             
 253                                                                                                                             
 252                                                                                                                             
 251                                                                                                                             
 250                                                                                                                             
 249                                                                                                                             
 248                                                                                                                             
 247                                                                                                                             
 246                                                                                                                             
 245                                                                                                                             
 244                                                                                                                             
 243                                                                                                                             
 242                                                                                                                             
 241                                                                                                                             
 240                                                                                                                             
 239                                                                                                                             
 238                                                                                                                             
 237                                                                                                                             
 236                                                                                                                             
 235                                                                                                                             
 234                                                                                                                             
 233                                                                                                                             
 232                                                                                                                             
 231                                                                                                                             
 230                                                                                                                             
 229                                                                                                                             
 228                                                                                                                             
 227                                                                                                                             
 226                                                                                                                             
 225                                                                                                                             
 224                                                                                                                             
 223                                                                                                                             
 222                                                                                                                             
 221                                                                                                                             
 220                                                                                                                             
 219                                                                                                                             
 218                                                                                                                             
 217                                                                                                                             
 216                                                                                                                             
 215                                                                                                                             
 214                                                                                                                             
 213                                                                                                                             
 212                                                                                                                             
 211                                                                                                                             
 210                                                                                                                             
 209                                                                                                                             
 208                                                                                                                             
 207                                                                                                                             
 206                                                                                                                             
 205                                                                                                                             
 204                                                                                                                             
 203                                                                                                                             
 202                                                                                                                             
 201                                                                                                                             
 200                                                                                                                             
 199                                                                                                                             
 198                                                                                                                             
 197                                                                                                                             
 196                                                                                                                             
 195                                                                                                                             
 194                                                                                                                             
 193                                                                                                                             
 192                                                                                                                             
 191                                                                                                                             
 190                                                                                                                             
 189                                                                                                                             
 188                                                                                                                             
 187                                                                                                                             
 186                                                                                                                             
 185                                                                                                                             
 184                                                                                                                             
 183                                                                                                                             
 182                                                                                                                             
 181                                                                                                                             
 180                                                                                                                             
 179                                                                                                                             
 178                                                                                                                             
 177                                                                                                                             
 176                                                                                                                             
 175                                                                                                                             
 174                                                                                                                             
 173                                                                                                                             
 172                                                                                                                             
 171                                                                                                                             
 170                                                                                                                             
 169                                                                                                                             
 168                                                                                                                             
 167                                                                                                                             
 166                                                                                                                             
 165                                                                                                                             
 164                                                                                                                             
 163                                                                                                                             
 162                                                                                                                             
 161                                                                                                                             
 160                                                                                                                             
 159                                                                                                                             
 158                                                                                                                             
 157                                                                                                                             
 156                                                                                                                             
 155                                                                                                                             
 154                                                                                                                             
 153                                                                                                                             
 152                                                                                                                             
 151                                                                                                                             
 150                                                                                                                             
 149                                                                                                                             
 148                                                                                                                             
 147                                                                                                                             
 146                                                                                                                             
 145                                                                                                                             
 144                                                                                                                             
 143                                                                                                                             
 142                                                                                                                             
 141                                                                                                                             
 140                                                                                                                             
 139                                                                                                                             
 138                                                                                                                             
 137                                                                                                                             
 136                                                                                                                             
 135                                                                                                                             
 134                                                                                                                             
 133                                                                                                                             
 132                                                                                                                             
 131                                                                                                                             
 130                                                                                                                             
 129                                                                                                                             
 128                                                                                                                             
 127                                                                                                                             
 126                                                                                                                             
 125                                                                                                                             
 124                                                                                                                             
 123                                                                                                                             
 122                                                                                                                             
 121                                                                                                                             
 120                                                                                                                             
 119                                                                                                                             
 118                                                                                                                             
 117                                                                                                                             
 116                                                                                                                             
 115                                                                                                                             
 114                                                                                                                             
 113                                                                                                                             
 112                                                                                                                             
 111                                                                                                                             
 110                                                                                                                             
 109                                                                                                                             
 108                                                                                                                             
 107                                                                                                                             
 106                                                                                                                             
 105                                                                                                                             
 104                                                                                                                             
 103                                                                                                                             
 102                                                                                                                             
 101                                                                                                                             
 100                                                                                                                             
  99                                                                                                                             
  98                                                                                                                             
  97                                                                                                                             
  96                                                                                                                             
  95                                                                                                                             
  94                                                                                                                             
  93                                                                                                                             
  92                                                                                                                             
  91                                                                                                                             
  90                                                                                                                             
  89                                                                                                                             
  88                                                                                                                             
  87                                                                                                                             
  86                                                                                                                             
  85                                                                                                                             
  84                                                                                                                             
  83                                                                                                                             
  82                                                                                                                             
  81                                                                                                                             
  80                                                                                                                             
  79                                                                                                                             
  78                                                                                                                             
  77                                                                                                                             
  76                                                                                                                             
  75                                                                                                                             
  74                                                                                                                             
  73                                                                                                                             
  72                                                                                                                             
  71                                                                                                                             
  70                                                                                                                             
  69                                                                                                                             
  68                                                                                                                             
  67                                                                                                                             
  66                                                                                                                             
  65                                                                                                                             
  64                                                                                                                             
  63                                                                                                                             
  62                                                                                                                             
  61                                                                                                                             
  60                                                                                                                             
  59                                                                                                                             
  58                                                                                                                             
  57                                                                                                                             
  56                                                                                                                             
  55                                                                                                                             
  54                                                                                                                             
  53                                                                                                                             
  52                                                                                                                             
  51                                                                                                                             
  50                                                                                                                             
  49                                                                                                                             
  48                                                                                                                             
  47                                                                                                                             
  46                                                                                                                             
  45                                                                                                                             
  44                                                                                                                             
  43                                                                                                                             
  42                                                                                                                             
  41                                                                                                                             
  40                                                                                                                             
  39                                                                                                                             
  38                                                                                                                             
  37                                                                                                                             
  36                                                                                                                             
  35                                                                                                                             
  34                                                                                                                             
  33                                                                                                                             
  32                                                                                                                             
  31                                                                                                                             
  30                                                                                                                             
  29                                                                                                                             
  28                                                                                                                             
  27                                                                                                                             
  26                                                                                                                             
  25                                                                                                                             
  24                                                                                                                             
  23                                                                                                                             
  22                                                                                                                             
  21                                                                                                                             
  20                                                                                                                             
  19                                                                                                                             
  18                                                                                                                             
  17                                                                                                                             
  16                                                                                                                             
  15                                                                                                                             
  14                                                                                                                             
  13                                                                                                                             
  12                                                                                                                             
  11                                                                                                                             
  10                                                                                                                             
   9                                                                                                                             
   8                                                                                                                             
   7                                                                                                                             
   6                                                                                                                             
   5                                                                                                                             
   4                                                                                                                             
   3                                                                                                                             
   2                                                                                                                             
   1 ............................................................................................................................

   249 253 257 261 265 269 273 277 281 285 289 293 297 301 305 309 313 317 321 325 329 333 337 341 345 349 353 357 361 365 369
 402 ............................................................................................................................
 401                                                                                                                             
 400                                                                                                                             
 399                                                                                                                             
 398                                                                                                                             
 397                                                                                                                             
 396                                                                                                                             
 395                                                                                                                             
 394                                                                                                                             
 393                                                                                                                             
 392                                                                                                                             
 391                                                                                                                             
 390                                                                                                                             
 389                                                                                                                             
 388                                                                                                                             
 387                                                                                                                             
 386                                                                                                                             
 385                                                                                                                             
 384                                                                                                                             
 383                                                                                                                             
 382                                                                                                                             
 381                                                                                                                             
 380                                                                                                                             
 379                                                                                                                             
 378                                                                                                                             
 377                                                                                                                             
 376                                                                                                                             
 375                                                                                                                             
 374                                                                                                                             
 373                                                                                                                             
 372                                                                                                                             
 371                                                                                                                             
 370                                                                                                                             
 369                                                                                                                             
 368                                                                                                                             
 367                                                                                                                             
 366                                                                                                                             
 365                                                                                                                             
 364                                                                                                                             
 363                                                                                                                             
 362                                                                                                                             
 361                                                                                                                             
 360                                                                                                                             
 359                                                                                                                             
 358                                                                                                                             
 357                                                                                                                             
 356                                                                                                                             
 355                                                                                                                             
 354                                                                                                                             
 353                                                                                                                             
 352                                                                                                                             
 351                                                                                                                             
 350                                                                                                                             
 349                                                                                                                             
 348                                                                                                                             
 347                                                                                                                             
 346                                                                                                                             
 345                                                                                                                             
 344                                                                                                                             
 343                                                                                                                             
 342                                                                                                                             
 341                                                                                                                             
 340                                                                                                                             
 339                                                                                                                             
 338                                                                                                                             
 337                                                                                                                             
 336                                                                                                                             
 335                                                                                                                             
 334                                                                                                                             
 333                                                                                                                             
 332                                                                                                                             
 331                                                                                                                             
 330                                                                                                                             
 329                                                                                                                             
 328                                                                                                                             
 327                                                                                                                             
 326                                                                                                                             
 325                                                                                                                             
 324                                                                                                                             
 323                                                                                                                             
 322                                                                                                                             
 321                                                                                                                             
 320                                                                                                                             
 319                                                                                                                             
 318                                                                                                                             
 317                                                                                                                             
 316                                                                                                                             
 315                                                                                                                             
 314                                                                                                                             
 313                                                                                                                             
 312                                                                                                                             
 311                                                                                                                             
 310                                                                                                                             
 309                                                                                                                             
 308                                                                                                                             
 307                                                                                                                             
 306                                                                                                                             
 305                                                                                                                             
 304                                                                                                                             
 303                                                                                                                             
 302                                                                                                                             
 301                                                                                                                             
 300                                                                                                                             
 299                                                                                                                             
 298                                                                                                                             
 297                                                                                                                             
 296                                                                                                                             
 295                                                                                                                             
 294                                                                                                                             
 293                                                                                                                             
 292                                                                                                                             
 291                                                                                                                             
 290                                                                                                                             
 289                                                                                                                             
 288                                                                                                                             
 287                                                                                                                             
 286                                                                                                                             
 285                                                                                                                             
 284                                                                                                                             
 283                                                                                                                             
 282                                                                                                                             
 281                                                                                                                             
 280                                                                                                                             
 279                                                                                                                             
 278                                                                                                                             
 277                                                                                                                             
 276                                                                                                                             
 275                                                                                                                             
 274                                                                                                                             
 273                                                                                                                             
 272                                                                                                                             
 271                                                                                                                             
 270                                                                                                                             
 269                                                                                                                             
 268                                                                                                                             
 267                                                                                                                             
 266                                                                                                                             
 265                                                                                                                             
 264                                                                                                                             
 263                                                                                                                             
 262                                                                                                                             
 261                                                                                                                             
 260                                                                                                                             
 259                                                                                                                             
 258                                                                                                                             
 257                                                                                                                             
 256                                                                                                                             
 255                                                                                                                             
 254                                                                                                                             
 253                                                                                                                             
 252                                                                                                                             
 251                                                                                                                             
 250                                                                                                                             
 249                                                                                                                             
 248                                                                                                                             
 247                                                                                                                             
 246                                                                                                                             
 245                                                                                                                             
 244                                                                                                                             
 243                                                                                                                             
 242                                                                                                                             
 241                                                                                                                             
 240                                                                                                                             
 239                                                                                                                             
 238                                                                                                                             
 237                                                                                                                             
 236                                                                                                                             
 235                                                                                                                             
 234                                                                                                                             
 233                                                                                                                             
 232                                                                                                                             
 231                                                                                                                             
 230                                                                                                                             
 229                                                                                                                             
 228                                                                                                                             
 227                                                                                                                             
 226                                                                                                                             
 225                                                                                                                             
 224                                                                                                                             
 223                                                                                                                             
 222                                                                                                                             
 221                                                                                                                             
 220                                                                                                                             
 219                                                                                                                             
 218                                                                                                                             
 217                                                                                                                             
 216                                                                                                                             
 215                                                                                                                             
 214                                                                                                                             
 213                                                                                                                             
 212                                                                                                                             
 211                                                                                                                             
 210                                                                                                                             
 209                                                                                                                             
 208                                                                                                                             
 207                                                                                                                             
 206                                                                                                                             
 205                                                                                                                             
 204                                                                                                                             
 203                                                                                                                             
 202                                                                                                                             
 201                                                                                                                             
 200                                                                                                                             
 199                                                                                                                             
 198                                                                                                                             
 197                                                                                                                             
 196                                                                                                                             
 195                                                                                                                             
 194                                                                                                                             
 193                                                                                                                             
 192                                                                                                                             
 191                                                                                                                             
 190                                                                                                                             
 189                                                                                                                             
 188                                                                                                                             
 187                                                                                                                             
 186                                                                                                                             
 185                                                                                                                             
 184                                                                                                                             
 183                                                                                                                             
 182                                                                                                                             
 181                                                                                                                             
 180                                                                                                                             
 179                                                                                                                             
 178                                                                                                                             
 177                                                                                                                             
 176                                                                                                                             
 175                                                                                                                             
 174                                                                                                                             
 173                                                                                                                             
 172                                                                                                                             
 171                                                                                                                             
 170                                                                                                                             
 169                                                                                                                             
 168                                                                                                                             
 167                                                                                                                             
 166                                                                                                                             
 165                                                                                                                             
 164                                                                                                                             
 163                                                                                                                             
 162                                                                                                                             
 161                                                                                                                             
 160                                                                                                                             
 159                                                                                                                             
 158                                                                                                                             
 157                                                                                                                             
 156                                                                                                                             
 155                                                                                                                             
 154                                                                                                                             
 153                                                                                                                             
 152                                                                                                                             
 151                                                                                                                             
 150                                                                                                                             
 149                                                                                                                             
 148                                                                                                                             
 147                                                                                                                             
 146                                                                                                                             
 145                                                                                                                             
 144                                                                                                                             
 143                                                                                                                             
 142                                                                                                                             
 141                                                                                                                             
 140                                                                                                                             
 139                                                                                                                             
 138                                                                                                                             
 137                                                                                                                             
 136                                                                                                                             
 135                                                                                                                             
 134                                                                                                                             
 133                                                                                                                             
 132                                                                                                                             
 131                                                                                                                             
 130                                                                                                                             
 129                                                                                                                             
 128                                                                                                                             
 127                                                                                                                             
 126                                                                                                                             
 125                                                                                                                             
 124                                                                                                                             
 123                                                                                                                             
 122                                                                                                                             
 121                                                                                                                             
 120                                                                                                                             
 119                                                                                                                             
 118                                                                                                                             
 117                                                                                                                             
 116                                                                                                                             
 115                                                                                                                             
 114                                                                                                                             
 113                                                                                                                             
 112                                                                                                                             
 111                                                                                                                             
 110                                                                                                                             
 109                                                                                                                             
 108                                                                                                                             
 107                                                                                                                             
 106                                                                                                                             
 105                                                                                                                             
 104                                                                                                                             
 103                                                                                                                             
 102                                                                                                                             
 101                                                                                                                             
 100                                                                                                                             
  99                                                                                                                             
  98                                                                                                                             
  97                                                                                                                             
  96                                                                                                                             
  95                                                                                                                             
  94                                                                                                                             
  93                                                                                                                             
  92                                                                                                                             
  91                                                                                                                             
  90                                                                                                                             
  89                                                                                                                             
  88                                                                                                                             
  87                                                                                                                             
  86                                                                                                                             
  85                                                                                                                             
  84                                                                                                                             
  83                                                                                                                             
  82                                                                                                                             
  81                                                                                                                             
  80                                                                                                                             
  79                                                                                                                             
  78                                                                                                                             
  77                                                                                                                             
  76                                                                                                                             
  75                                                                                                                             
  74                                                                                                                             
  73                                                                                                                             
  72                                                                                                                             
  71                                                                                                                             
  70                                                                                                                             
  69                                                                                                                             
  68                                                                                                                             
  67                                                                                                                             
  66                                                                                                                             
  65                                                                                                                             
  64                                                                                                                             
  63                                                                                                                             
  62                                                                                                                             
  61                                                                                                                             
  60                                                                                                                             
  59                                                                                                                             
  58                                                                                                                             
  57                                                                                                                             
  56                                                                                                                             
  55                                                                                                                             
  54                                                                                                                             
  53                                                                                                                             
  52                                                                                                                             
  51                                                                                                                             
  50                                                                                                                             
  49                                                                                                                             
  48                                                                                                                             
  47                                                                                                                             
  46                                                                                                                             
  45                                                                                                                             
  44                                                                                                                             
  43                                                                                                                             
  42                                                                                                                             
  41                                                                                                                             
  40                                                                                                                             
  39                                                                                                                             
  38                                                                                                                             
  37                                                                                                                             
  36                                                                                                                             
  35                                                                                                                             
  34                                                                                                                             
  33                                                                                                                             
  32                                                                                                                             
  31                                                                                                                             
  30                                                                                                                             
  29                                                                                                                             
  28                                                                                                                             
  27                                                                                                                             
  26                                                                                                                             
  25                                                                                                                             
  24                                                                                                                             
  23                                                                                                                             
  22                                                                                                                             
  21                                                                                                                             
  20                                                                                                                             
  19                                                                                                                             
  18                                                                                                                             
  17                                                                                                                             
  16                                                                                                                             
  15                                                                                                                             
  14                                                                                                                             
  13                                                                                                                             
  12                                                                                                                             
  11                                                                                                                             
  10                                                                                                                             
   9                                                                                                                             
   8                                                                                                                             
   7                                                                                                                             
   6                                                                                                                             
   5                                                                                                                             
   4                                                                                                                             
   3                                                                                                                             
   2                                                                                                                             
   1 ............................................................................................................................

   373 377 381 385 389 393 397 401 405 409 413 417 421 425 429 433 437 441 445 449 453 457 461 465 469 473 477 481 485 489 493
 402 ............................................................................................................................
 401                                                                                                                             
 400                                                                                                                             
 399                                                                                                                             
 398                                                                                                                             
 397                                                                                                                             
 396                                                                                                                             
 395                                                                                                                             
 394                                                                                                                             
 393                                                                                                                             
 392                                                                                                                             
 391                                                                                                                             
 390                                                                                                                             
 389                                                                                                                             
 388                                                                                                                             
 387                                                                                                                             
 386                                                                                                                             
 385                                                                                                                             
 384                                                                                                                             
 383                                                                                                                             
 382                                                                                                                             
 381                                                                                                                             
 380                                                                                                                             
 379                                                                                                                             
 378                                                                                                                             
 377                                                                                                                             
 376                                                                                                                             
 375                                                                                                                             
 374                                                                                                                             
 373                                                                                                                             
 372                                                                                                                             
 371                                                                                                                             
 370                                                                                                                             
 369                                                                                                                             
 368                                                                                                                             
 367                                                                                                                             
 366                                                                                                                             
 365                                                                                                                             
 364                                                                                                                             
 363                                                                                                                             
 362                                                                                                                             
 361                                                                                                                             
 360                                                                                                                             
 359                                                                                                                             
 358                                                                                                                             
 357                                                                                                                             
 356                                                                                                                             
 355                                                                                                                             
 354                                                                                                                             
 353                                                                                                                             
 352                                                                                                                             
 351                                                                                                                             
 350                                                                                                                             
 349                                                                                                                             
 348                                                                                                                             
 347                                                                                                                             
 346                                                                                                                             
 345                                                                                                                             
 344                                                                                                                             
 343                                                                                                                             
 342                                                                                                                             
 341                                                                                                                             
 340                                                                                                                             
 339                                                                                                                             
 338                                                                                                                             
 337                                                                                                                             
 336                                                                                                                             
 335                                                                                                                             
 334                                                                                                                             
 333                                                                                                                             
 332                                                                                                                             
 331                                                                                                                             
 330                                                                                                                             
 329                                                                                                                             
 328                                                                                                                             
 327                                                                                                                             
 326                                                                                                                             
 325                                                                                                                             
 324                                                                                                                             
 323                                                                                                                             
 322                                                                                                                             
 321                                                                                                                             
 320                                                                                                                             
 319                                                                                                                             
 318                                                                                                                             
 317                                                                                                                             
 316                                                                                                                             
 315                                                                                                                             
 314                                                                                                                             
 313                                                                                                                             
 312                                                                                                                             
 311                                                                                                                             
 310                                                                                                                             
 309                                                                                                                             
 308                                                                                                                             
 307                                                                                                                             
 306                                                                                                                             
 305                                                                                                                             
 304                                                                                                                             
 303                                                                                                                             
 302                                                                                                                             
 301                                                                                                                             
 300                                                                                                                             
 299                                                                                                                             
 298                                                                                                                             
 297                                                                                                                             
 296                                                                                                                             
 295                                                                                                                             
 294                                                                                                                             
 293                                                                                                                             
 292                                                                                                                             
 291                                                                                                                             
 290                                                                                                                             
 289                                                                                                                             
 288                                                                                                                             
 287                                                                                                                             
 286                                                                                                                             
 285                                                                                                                             
 284                                                                                                                             
 283                                                                                                                             
 282                                                                                                                             
 281                                                                                                                             
 280                                                                                                                             
 279                                                                                                                             
 278                                                                                                                             
 277                                                                                                                             
 276                                                                                                                             
 275                                                                                                                             
 274                                                                                                                             
 273                                                                                                                             
 272                                                                                                                             
 271                                                                                                                             
 270                                                                                                                             
 269                                                                                                                             
 268                                                                                                                             
 267                                                                                                                             
 266                                                                                                                             
 265                                                                                                                             
 264                                                                                                                             
 263                                                                                                                             
 262                                                                                                                             
 261                                                                                                                             
 260                                                                                                                             
 259                                                                                                                             
 258                                                                                                                             
 257                                                                                                                             
 256                                                                                                                             
 255                                                                                                                             
 254                                                                                                                             
 253                                                                                                                             
 252                                                                                                                             
 251                                                                                                                             
 250                                                                                                                             
 249                                                                                                                             
 248                                                                                                                             
 247                                                                                                                             
 246                                                                                                                             
 245                                                                                                                             
 244                                                                                                                             
 243                                                                                                                             
 242                                                                                                                             
 241                                                                                                                             
 240                                                                                                                             
 239                                                                                                                             
 238                                                                                                                             
 237                                                                                                                             
 236                                                                                                                             
 235                                                                                                                             
 234                                                                                                                             
 233                                                                                                                             
 232                                                                                                                             
 231                                                                                                                             
 230                                                                                                                             
 229                                                                                                                             
 228                                                                                                                             
 227                                                                                                                             
 226                                                                                                                             
 225                                                                                                                             
 224                                                                                                                             
 223                                                                                                                             
 222                                                                                                                             
 221                                                                                                                             
 220                                                                                                                             
 219                                                                                                                             
 218                                                                                                                             
 217                                                                                                                             
 216                                                                                                                             
 215                                                                                                                             
 214                                                                                                                             
 213                                                                                                                             
 212                                                                                                                             
 211                                                                                                                             
 210                                                                                                                             
 209                                                                                                                             
 208                                                                                                                             
 207                                                                                                                             
 206                                                                                                                             
 205                                                                                                                             
 204                                                                                                                             
 203                                                                                                                             
 202                                                                                                                             
 201                                                                                                                             
 200                                                                                                                             
 199                                                                                                                             
 198                                                                                                                             
 197                                                                                                                             
 196                                                                                                                             
 195                                                                                                                             
 194                                                                                                                             
 193                                                                                                                             
 192                                                                                                                             
 191                                                                                                                             
 190                                                                                                                             
 189                                                                                                                             
 188                                                                                                                             
 187                                                                                                                             
 186                                                                                                                             
 185                                                                                                                             
 184                                                                                                                             
 183                                                                                                                             
 182                                                                                                                             
 181                                                                                                                             
 180                                                                                                                             
 179                                                                                                                             
 178                                                                                                                             
 177                                                                                                                             
 176                                                                                                                             
 175                                                                                                                             
 174                                                                                                                             
 173                                                                                                                             
 172                                                                                                                             
 171                                                                                                                             
 170                                                                                                                             
 169                                                                                                                             
 168                                                                                                                             
 167                                                                                                                             
 166                                                                                                                             
 165                                                                                                                             
 164                                                                                                                             
 163                                                                                                                             
 162                                                                                                                             
 161                                                                                                                             
 160                                                                                                                             
 159                                                                                                                             
 158                                                                                                                             
 157                                                                                                                             
 156                                                                                                                             
 155                                                                                                                             
 154                                                                                                                             
 153                                                                                                                             
 152                                                                                                                             
 151                                                                                                                             
 150                                                                                                                             
 149                                                                                                                             
 148                                                                                                                             
 147                                                                                                                             
 146                                                                                                                             
 145                                                                                                                             
 144                                                                                                                             
 143                                                                                                                             
 142                                                                                                                             
 141                                                                                                                             
 140                                                                                                                             
 139                                                                                                                             
 138                                                                                                                             
 137                                                                                                                             
 136                                                                                                                             
 135                                                                                                                             
 134                                                                                                                             
 133                                                                                                                             
 132                                                                                                                             
 131                                                                                                                             
 130                                                                                                                             
 129                                                                                                                             
 128                                                                                                                             
 127                                                                                                                             
 126                                                                                                                             
 125                                                                                                                             
 124                                                                                                                             
 123                                                                                                                             
 122                                                                                                                             
 121                                                                                                                             
 120                                                                                                                             
 119                                                                                                                             
 118                                                                                                                             
 117                                                                                                                             
 116                                                                                                                             
 115                                                                                                                             
 114                                                                                                                             
 113                                                                                                                             
 112                                                                                                                             
 111                                                                                                                             
 110                                                                                                                             
 109                                                                                                                             
 108                                                                                                                             
 107                                                                                                                             
 106                                                                                                                             
 105                                                                                                                             
 104                                                                                                                             
 103                                                                                                                             
 102                                                                                                                             
 101                                                                                                                             
 100                                                                                                                             
  99                                                                                                                             
  98                                                                                                                             
  97                                                                                                                             
  96                                                                                                                             
  95                                                                                                                             
  94                                                                                                                             
  93                                                                                                                             
  92                                                                                                                             
  91                                                                                                                             
  90                                                                                                                             
  89                                                                                                                             
  88                                                                                                                             
  87                                                                                                                             
  86                                                                                                                             
  85                                                                                                                             
  84                                                                                                                             
  83                                                                                                                             
  82                                                                                                                             
  81                                                                                                                             
  80                                                                                                                             
  79                                                                                                                             
  78                                                                                                                             
  77                                                                                                                             
  76                                                                                                                             
  75                                                                                                                             
  74                                                                                                                             
  73                                                                                                                             
  72                                                                                                                             
  71                                                                                                                             
  70                                                                                                                             
  69                                                                                                                             
  68                                                                                                                             
  67                                                                                                                             
  66                                                                                                                             
  65                                                                                                                             
  64                                                                                                                             
  63                                                                                                                             
  62                                                                                                                             
  61                                                                                                                             
  60                                                                                                                             
  59                                                                                                                             
  58                                                                                                                             
  57                                                                                                                             
  56                                                                                                                             
  55                                                                                                                             
  54                                                                                                                             
  53                                                                                                                             
  52                                                                                                                             
  51                                                                                                                             
  50                                                                                                                             
  49                                                                                                                             
  48                                                                                                                             
  47                                                                                                                             
  46                                                                                                                             
  45                                                                                                                             
  44                                                                                                                             
  43                                                                                                                             
  42                                                                                                                             
  41                                                                                                                             
  40                                                                                                                             
  39                                                                                                                             
  38                                                                                                                             
  37                                                                                                                             
  36                                                                                                                             
  35                                                                                                                             
  34                                                                                                                             
  33                                                                                                                             
  32                                                                                                                             
  31                                                                                                                             
  30                                                                                                                             
  29                                                                                                                             
  28                                                                                                                             
  27                                                                                                                             
  26                                                                                                                             
  25                                                                                                                             
  24                                                                                                                             
  23                                                                                                                             
  22                                                                                                                             
  21                                                                                                                             
  20                                                                                                                             
  19                                                                                                                             
  18                                                                                                                             
  17                                                                                                                             
  16                                                                                                                             
  15                                                                                                                             
  14                                                                                                                             
  13                                                                                                                             
  12                                                                                                                             
  11                                                                                                                             
  10                                                                                                                             
   9                                                                                                                             
   8                                                                                                                             
   7                                                                                                                             
   6                                                                                                                             
   5                                                                                                                             
   4                                                                                                                             
   3                                                                                                                             
   2                                                                                                                             
   1 ............................................................................................................................

   497 501 505 509 513 517 521 525 529 533 537 541 545 549 553 557 561 565 569 573 577 581 585 589 593 597 601 605 609 613 617
 402 ............................................................................................................................
 401                                                                                                                             
 400                                                                                                                             
 399                                                                                                                             
 398                                                                                                                             
 397                                                                                                                             
 396                                                                                                                             
 395                                                                                                                             
 394                                                                                                                             
 393                                                                                                                             
 392                                                                                                                             
 391                                                                                                                             
 390                                                                                                                             
 389                                                                                                                             
 388                                                                                                                             
 387                                                                                                                             
 386                                                                                                                             
 385                                                                                                                             
 384                                                                                                                             
 383                                                                                                                             
 382                                                                                                                             
 381                                                                                                                             
 380                                                                                                                             
 379                                                                                                                             
 378                                                                                                                             
 377                                                                                                                             
 376                                                                                                                             
 375                                                                                                                             
 374                                                                                                                             
 373                                                                                                                             
 372                                                                                                                             
 371                                                                                                                             
 370                                                                                                                             
 369                                                                                                                             
 368                                                                                                                             
 367                                                                                                                             
 366                                                                                                                             
 365                                                                                                                             
 364                                                                                                                             
 363                                                                                                                             
 362                                                                                                                             
 361                                                                                                                             
 360                                                                                                                             
 359                                                                                                                             
 358                                                                                                                             
 357                                                                                                                             
 356                                                                                                                             
 355                                                                                                                             
 354                                                                                                                             
 353                                                                                                                             
 352                                                                                                                             
 351                                                                                                                             
 350                                                                                                                             
 349                                                                                                                             
 348                                                                                                                             
 347                                                                                                                             
 346                                                                                                                             
 345                                                                                                                             
 344                                                                                                                             
 343                                                                                                                             
 342                                                                                                                             
 341                                                                                                                             
 340                                                                                                                             
 339                                                                                                                             
 338                                                                                                                             
 337                                                                                                                             
 336                                                                                                                             
 335                                                                                                                             
 334                                                                                                                             
 333                                                                                                                             
 332                                                                                                                             
 331                                                                                                                             
 330                                                                                                                             
 329                                                                                                                             
 328                                                                                                                             
 327                                                                                                                             
 326                                                                                                                             
 325                                                                                                                             
 324                                                                                                                             
 323                                                                                                                             
 322                                                                                                                             
 321                                                                                                                             
 320                                                                                                                             
 319                                                                                                                             
 318                                                                                                                             
 317                                                                                                                             
 316                                                                                                                             
 315                                                                                                                             
 314                                                                                                                             
 313                                                                                                                             
 312                                                                                                                             
 311                                                                                                                             
 310                                                                                                                             
 309                                                                                                                             
 308                                                                                                                             
 307                                                                                                                             
 306                                                                                                                             
 305                                                                                                                             
 304                                                                                                                             
 303                                                                                                                             
 302                                                                                                                             
 301                                                                                                                             
 300                                                                                                                             
 299                                                                                                                             
 298                                                                                                                             
 297                                                                                                                             
 296                                                                                                                             
 295                                                                                                                             
 294                                                                                                                             
 293                                                                                                                             
 292                                                                                                                             
 291                                                                                                                             
 290                                                                                                                             
 289                                                                                                                             
 288                                                                                                                             
 287                                                                                                                             
 286                                                                                                                             
 285                                                                                                                             
 284                                                                                                                             
 283                                                                                                                             
 282                                                                                                                             
 281                                                                                                                             
 280                                                                                                                             
 279                                                                                                                             
 278                                                                                                                             
 277                                                                                                                             
 276                                                                                                                             
 275                                                                                                                             
 274                                                                                                                             
 273                                                                                                                             
 272                                                                                                                             
 271                                                                                                                             
 270                                                                                                                             
 269                                                                                                                             
 268                                                                                                                             
 267                                                                                                                             
 266                                                                                                                             
 265                                                                                                                             
 264                                                                                                                             
 263                                                                                                                             
 262                                                                                                                             
 261                                                                                                                             
 260                                                                                                                             
 259                                                                                                                             
 258                                                                                                                             
 257                                                                                                                             
 256                                                                                                                             
 255                                                                                                                             
 254                                                                                                                             
 253                                                                                                                             
 252                                                                                                                             
 251                                                                                                                             
 250                                                                                                                             
 249                                                                                                                             
 248                                                                                                                             
 247                                                                                                                             
 246                                                                                                                             
 245                                                                                                                             
 244                                                                                                                             
 243                                                                                                                             
 242                                                                                                                             
 241                                                                                                                             
 240                                                                                                                             
 239                                                                                                                             
 238                                                                                                                             
 237                                                                                                                             
 236                                                                                                                             
 235                                                                                                                             
 234                                                                                                                             
 233                                                                                                                             
 232                                                                                                                             
 231                                                                                                                             
 230                                                                                                                             
 229                                                                                                                             
 228                                                                                                                             
 227                                                                                                                             
 226                                                                                                                             
 225                                                                                                                             
 224                                                                                                                             
 223                                                                                                                             
 222                                                                                                                             
 221                                                                                                                             
 220                                                                                                                             
 219                                                                                                                             
 218                                                                                                                             
 217                                                                                                                             
 216                                                                                                                             
 215                                                                                                                             
 214                                                                                                                             
 213                                                                                                                             
 212                                                                                                                             
 211                                                                                                                             
 210                                                                                                                             
 209                                                                                                                             
 208                                                                                                                             
 207                                                                                                                             
 206                                                                                                                             
 205                                                                                                                             
 204                                                                                                                             
 203                                                                                                                             
 202                                                                                                                             
 201                                                                                                                             
 200                                                                                                                             
 199                                                                                                                             
 198                                                                                                                             
 197                                                                                                                             
 196                                                                                                                             
 195                                                                                                                             
 194                                                                                                                             
 193                                                                                                                             
 192                                                                                                                             
 191                                                                                                                             
 190                                                                                                                             
 189                                                                                                                             
 188                                                                                                                             
 187                                                                                                                             
 186                                                                                                                             
 185                                                                                                                             
 184                                                                                                                             
 183                                                                                                                             
 182                                                                                                                             
 181                                                                                                                             
 180                                                                                                                             
 179                                                                                                                             
 178                                                                                                                             
 177                                                                                                                             
 176                                                                                                                             
 175                                                                                                                             
 174                                                                                                                             
 173                                                                                                                             
 172                                                                                                                             
 171                                                                                                                             
 170                                                                                                                             
 169                                                                                                                             
 168                                                                                                                             
 167                                                                                                                             
 166                                                                                                                             
 165                                                                                                                             
 164                                                                                                                             
 163                                                                                                                             
 162                                                                                                                             
 161                                                                                                                             
 160                                                                                                                             
 159                                                                                                                             
 158                                                                                                                             
 157                                                                                                                             
 156                                                                                                                             
 155                                                                                                                             
 154                                                                                                                             
 153                                                                                                                             
 152                                                                                                                             
 151                                                                                                                             
 150                                                                                                                             
 149                                                                                                                             
 148                                                                                                                             
 147                                                                                                                             
 146                                                                                                                             
 145                                                                                                                             
 144                                                                                                                             
 143                                                                                                                             
 142                                                                                                                             
 141                                                                                                                             
 140                                                                                                                             
 139                                                                                                                             
 138                                                                                                                             
 137                                                                                                                             
 136                                                                                                                             
 135                                                                                                                             
 134                                                                                                                             
 133                                                                                                                             
 132                                                                                                                             
 131                                                                                                                             
 130                                                                                                                             
 129                                                                                                                             
 128                                                                                                                             
 127                                                                                                                             
 126                                                                                                                             
 125                                                                                                                             
 124                                                                                                                             
 123                                                                                                                             
 122                                                                                                                             
 121                                                                                                                             
 120                                                                                                                             
 119                                                                                                                             
 118                                                                                                                             
 117                                                                                                                             
 116                                                                                                                             
 115                                                                                                                             
 114                                                                                                                             
 113                                                                                                                             
 112                                                                                                                             
 111                                                                                                                             
 110                                                                                                                             
 109                                                                                                                             
 108                                                                                                                             
 107                                                                                                                             
 106                                                                                                                             
 105                                                                                                                             
 104                                                                                                                             
 103                                                                                                                             
 102                                                                                                                             
 101                                                                                                                             
 100                                                                                                                             
  99                                                                                                                             
  98                                                                                                                             
  97                                                                                                                             
  96                                                                                                                             
  95                                                                                                                             
  94                                                                                                                             
  93                                                                                                                             
  92                                                                                                                             
  91                                                                                                                             
  90                                                                                                                             
  89                                                                                                                             
  88                                                                                                                             
  87                                                                                                                             
  86                                                                                                                             
  85                                                                                                                             
  84                                                                                                                             
  83                                                                                                                             
  82                                                                                                                             
  81                                                                                                                             
  80                                                                                                                             
  79                                                                                                                             
  78                                                                                                                             
  77                                                                                                                             
  76                                                                                                                             
  75                                                                                                                             
  74                                                                                                                             
  73                                                                                                                             
  72                                                                                                                             
  71                                                                                                                             
  70                                                                                                                             
  69                                                                                                                             
  68                                                                                                                             
  67                                                                                                                             
  66                                                                                                                             
  65                                                                                                                             
  64                                                                                                                             
  63                                                                                                                             
  62                                                                                                                             
  61                                                                                                                             
  60                                                                                                                             
  59                                                                                                                             
  58                                                                                                                             
  57                                                                                                                             
  56                                                                                                                             
  55                                                                                                                             
  54                                                                                                                             
  53                                                                                                                             
  52                                                                                                                             
  51                                                                                                                             
  50                                                                                                                             
  49                                                                                                                             
  48                                                                                                                             
  47                                                                                                                             
  46                                                                                                                             
  45                                                                                                                             
  44                                                                                                                             
  43                                                                                                                             
  42                                                                                                                             
  41                                                                                                                             
  40                                                                                                                             
  39                                                                                                                             
  38                                                                                                                             
  37                                                                                                                             
  36                                                                                                                             
  35                                                                                                                             
  34                                                                                                                             
  33                                                                                                                             
  32                                                                                                                             
  31                                                                                                                             
  30                                                                                                                             
  29                                                                                                                             
  28                                                                                                                             
  27                                                                                                                             
  26                                                                                                                             
  25                                                                                                                             
  24                                                                                                                             
  23                                                                                                                             
  22                                                                                                                             
  21                                                                                                                             
  20                                                                                                                             
  19                                                                                                                             
  18                                                                                                                             
  17                                                                                                                             
  16                                                                                                                             
  15                                                                                                                             
  14                                                                                                                             
  13                                                                                                                             
  12                                                                                                                             
  11                                                                                                                             
  10                                                                                                                             
   9                                                                                                                             
   8                                                                                                                             
   7                                                                                                                             
   6                                                                                                                             
   5                                                                                                                             
   4                                                                                                                             
   3                                                                                                                             
   2                                                                                                                             
   1 ............................................................................................................................

   621
 402 ..
 401  .
 400  .
 399  .
 398  .
 397  .
 396  .
 395  .
 394  .
 393  .
 392  .
 391  .
 390  .
 389  .
 388  .
 387  .
 386  .
 385  .
 384  .
 383  .
 382  .
 381  .
 380  .
 379  .
 378  .
 377  .
 376  .
 375  .
 374  .
 373  .
 372  .
 371  .
 370  .
 369  .
 368  .
 367  .
 366  .
 365  .
 364  .
 363  .
 362  .
 361  .
 360  .
 359  .
 358  .
 357  .
 356  .
 355  .
 354  .
 353  .
 352  .
 351  .
 350  .
 349  .
 348  .
 347  .
 346  .
 345  .
 344  .
 343  .
 342  .
 341  .
 340  .
 339  .
 338  .
 337  .
 336  .
 335  .
 334  .
 333  .
 332  .
 331  .
 330  .
 329  .
 328  .
 327  .
 326  .
 325  .
 324  .
 323  .
 322  .
 321  .
 320  .
 319  .
 318  .
 317  .
 316  .
 315  .
 314  .
 313  .
 312  .
 311  .
 310  .
 309  .
 308  .
 307  .
 306  .
 305  .
 304  .
 303  .
 302  .
 301  .
 300  .
 299  .
 298  .
 297  .
 296  .
 295  .
 294  .
 293  .
 292  .
 291  .
 290  .
 289  .
 288  .
 287  .
 286  .
 285  .
 284  .
 283  .
 282  .
 281  .
 280  .
 279  .
 278  .
 277  .
 276  .
 275  .
 274  .
 273  .
 272  .
 271  .
 270  .
 269  .
 268  .
 267  .
 266  .
 265  .
 264  .
 263  .
 262  .
 261  .
 260  .
 259  .
 258  .
 257  .
 256  .
 255  .
 254  .
 253  .
 252  .
 251  .
 250  .
 249  .
 248  .
 247  .
 246  .
 245  .
 244  .
 243  .
 242  .
 241  .
 240  .
 239  .
 238  .
 237  .
 236  .
 235  .
 234  .
 233  .
 232  .
 231  .
 230  .
 229  .
 228  .
 227  .
 226  .
 225  .
 224  .
 223  .
 222  .
 221  .
 220  .
 219  .
 218  .
 217  .
 216  .
 215  .
 214  .
 213  .
 212  .
 211  .
 210  .
 209  .
 208  .
 207  .
 206  .
 205  .
 204  .
 203  .
 202  .
 201  .
 200  .
 199  .
 198  .
 197  .
 196  .
 195  .
 194  .
 193  .
 192  .
 191  .
 190  .
 189  .
 188  .
 187  .
 186  .
 185  .
 184  .
 183  .
 182  .
 181  .
 180  .
 179  .
 178  .
 177  .
 176  .
 175  .
 174  .
 173  .
 172  .
 171  .
 170  .
 169  .
 168  .
 167  .
 166  .
 165  .
 164  .
 163  .
 162  .
 161  .
 160  .
 159  .
 158  .
 157  .
 156  .
 155  .
 154  .
 153  .
 152  .
 151  .
 150  .
 149  .
 148  .
 147  .
 146  .
 145  .
 144  .
 143  .
 142  .
 141  .
 140  .
 139  .
 138  .
 137  .
 136  .
 135  .
 134  .
 133  .
 132  .
 131  .
 130  .
 129  .
 128  .
 127  .
 126  .
 125  .
 124  .
 123  .
 122  .
 121  .
 120  .
 119  .
 118  .
 117  .
 116  .
 115  .
 114  .
 113  .
 112  .
 111  .
 110  .
 109  .
 108  .
 107  .
 106  .
 105  .
 104  .
 103  .
 102  .
 101  .
 100  .
  99  .
  98  .
  97  .
  96  .
  95  .
  94  .
  93  .
  92  .
  91  .
  90  .
  89  .
  88  .
  87  .
  86  .
  85  .
  84  .
  83  .
  82  .
  81  .
  80  .
  79  .
  78  .
  77  .
  76  .
  75  .
  74  .
  73  .
  72  .
  71  .
  70  .
  69  .
  68  .
  67  .
  66  .
  65  .
  64  .
  63  .
  62  .
  61  .
  60  .
  59  .
  58  .
  57  .
  56  .
  55  .
  54  .
  53  .
  52  .
  51  .
  50  .
  49  .
  48  .
  47  .
  46  .
  45  .
  44  .
  43  .
  42  .
  41  .
  40  .
  39  .
  38  .
  37  .
  36  .
  35  .
  34  .
  33  .
  32  .
  31  .
  30  .
  29  .
  28  .
  27  .
  26  .
  25  .
  24  .
  23  .
  22  .
  21  .
  20  .
  19  .
  18  .
  17  .
  16  .
  15  .
  14  .
  13  .
  12  .
  11  .
  10  .
   9  .
   8  .
   7  .
   6  .
   5  .
   4  .
   3  .
   2  .
   1 ..


number of ocean T cells =********
surface area (T cells)  =   0.300446E+18 cm**2
ocean volume (T cells)  =   0.150223E+24 cm**3




          Topographic slope analysis

 100.000% of slopes are GE 0 and LE 0.00001
   0.000% of slopes are GT 0.00001 and LE 0.0001
   0.000% of slopes are GT 0.0001 and LE 0.001
   0.000% of slopes are GT 0.001 and LE 0.01
   0.000% of slopes are GT 0.01 and LE 0.1
   0.000% of slopes are GT 0.1 and LE 1.0
   0.000% of slopes are GT 1.0 
 Final "kmt" checksum =   1.5566278000000000E+12

 =>Writing a "kmt" field to file "kmt.dta"


==> The "kmt" field has been written.

